EX_id,BS_id,EX_date,EX_plate,EX_dna_conc,EX_row_count
EX_LY_A_2022_SP_001_BS_220623_C_1_EX_221012,BS_220623_C_1,2022-10-12,3.0,,2
EX_LY_A_2022_SP_001_BS_220623_C_2_EX_221012,BS_220623_C_2,2022-10-12,3.0,,2
EX_LY_A_2022_SP_001_BS_220623_C_3_EX_221012,BS_220623_C_3,2022-10-12,3.0,,2
EX_LY_A_2022_SP_001_BS_220623_C_4_EX_221012,BS_220623_C_4,2022-10-12,3.0,,2
EX_LY_A_2022_SP_001_BS_220623_C_5_EX_221006,BS_220623_C_5,2022-10-06,3.0,,1
EX_LY_A_2022_SP_001_BS_220623_C_5_EX_221012,BS_220623_C_5,2022-10-12,3.0,,1
EX_LY_A_2022_SP_001_BS_220623_C_6_EX_221006,BS_220623_C_6,2022-10-06,3.0,,1
EX_LY_A_2022_SP_001_BS_220623_C_6_EX_221012,BS_220623_C_6,2022-10-12,3.0,,1
EX_LY_A_2022_SP_001_BS_220623_C_7_EX_221006,BS_220623_C_7,2022-10-06,1.0,,1
EX_LY_A_2022_SP_001_BS_220623_C_7_EX_221011,BS_220623_C_7,2022-10-11,1.0,,1
EX_LY_A_2022_SP_001_BS_230622_W_1_EX_230724,BS_230622_W_1,2023-07-24,8.0,0.037,3
EX_LY_A_2022_SP_001_BS_230622_W_2_EX_230724,BS_230622_W_2,2023-07-24,8.0,0.036,3
EX_LY_A_2022_SP_001_BS_230622_W_3_EX_230725,BS_230622_W_3,2023-07-25,8.0,0.025,3
EX_LY_A_2022_SP_001_BS_230622_W_4_EX_230725,BS_230622_W_4,2023-07-25,8.0,0.072,3
EX_LY_A_2022_SP_001_BS_230622_W_5_EX_230725,BS_230622_W_5,2023-07-25,8.0,0.04,3
EX_LY_A_2022_SP_001_BS_230622_W_6_EX_230725,BS_230622_W_6,2023-07-25,8.0,0.037,3
EX_LY_A_2022_SP_001_BS_230622_W_7_EX_230725,BS_230622_W_7,2023-07-25,8.0,0.105,3
EX_LY_A_2022_SP_002_BS_220623_C_1_EX_221006,BS_220623_C_1,2022-10-06,1.0,,1
EX_LY_A_2022_SP_002_BS_220623_C_1_EX_221011,BS_220623_C_1,2022-10-11,1.0,,1
EX_LY_A_2022_SP_002_BS_220623_C_2_EX_221012,BS_220623_C_2,2022-10-12,4.0,,2
EX_LY_A_2022_SP_002_BS_220623_C_3_EX_221012,BS_220623_C_3,2022-10-12,4.0,,2
EX_LY_A_2022_SP_002_BS_220623_C_4_EX_221012,BS_220623_C_4,2022-10-12,4.0,,2
EX_LY_A_2022_SP_002_BS_220623_C_5_EX_221012,BS_220623_C_5,2022-10-12,4.0,,2
EX_LY_A_2022_SP_002_BS_220623_C_6_EX_221012,BS_220623_C_6,2022-10-12,4.0,,2
EX_LY_A_2022_SP_002_BS_220623_C_7_EX_221012,BS_220623_C_7,2022-10-12,4.0,,2
EX_LY_A_2022_SP_002_BS_230622_W_1_EX_230725,BS_230622_W_1,2023-07-25,8.0,0.039,3
EX_LY_A_2022_SP_002_BS_230622_W_2_EX_230725,BS_230622_W_2,2023-07-25,8.0,0.09,3
EX_LY_A_2022_SP_002_BS_230622_W_3_EX_230725,BS_230622_W_3,2023-07-25,8.0,0.019,3
EX_LY_A_2022_SP_002_BS_230622_W_4_EX_230725,BS_230622_W_4,2023-07-25,8.0,0.044,3
EX_LY_A_2022_SP_002_BS_230622_W_5_EX_230725,BS_230622_W_5,2023-07-25,8.0,0.04,3
EX_LY_A_2022_SP_002_BS_230622_W_6_EX_230725,BS_230622_W_6,2023-07-25,8.0,0.045,3
EX_LY_A_2022_SP_002_BS_230622_W_7_EX_230725,BS_230622_W_7,2023-07-25,8.0,0.117,3
EX_LY_A_2022_SP_003_BS_220623_C_1_EX_221012,BS_220623_C_1,2022-10-12,4.0,,2
EX_LY_A_2022_SP_003_BS_220623_C_2_EX_221012,BS_220623_C_2,2022-10-12,4.0,,2
EX_LY_A_2022_SP_003_BS_220623_C_3_EX_221012,BS_220623_C_3,2022-10-12,4.0 | 4,,11
EX_LY_A_2022_SP_003_BS_220623_C_4_EX_221012,BS_220623_C_4,2022-10-12,4.0 | 4,,11
EX_LY_A_2022_SP_003_BS_220623_C_5_EX_221012,BS_220623_C_5,2022-10-12,4.0 | 4,,11
EX_LY_A_2022_SP_003_BS_220623_C_6_EX_221012,BS_220623_C_6,2022-10-12,4.0 | 4,,11
EX_LY_A_2022_SP_003_BS_220623_C_7_EX_221012,BS_220623_C_7,2022-10-12,4.0 | 4,,11
EX_LY_A_2022_SP_003_BS_230622_W_1_EX_230725,BS_230622_W_1,2023-07-25,8.0,0.03,3
EX_LY_A_2022_SP_003_BS_230622_W_2_EX_230725,BS_230622_W_2,2023-07-25,8.0,0.011,3
EX_LY_A_2022_SP_003_BS_230622_W_3_EX_230725,BS_230622_W_3,2023-07-25,8.0,0.006,3
EX_LY_A_2022_SP_003_BS_230622_W_4_EX_230725,BS_230622_W_4,2023-07-25,8.0,0.114,3
EX_LY_A_2022_SP_003_BS_230622_W_5_EX_230725,BS_230622_W_5,2023-07-25,8.0,0.007,3
EX_LY_A_2022_SP_003_BS_230622_W_6_EX_230725,BS_230622_W_6,2023-07-25,8.0,0.899,3
EX_LY_A_2022_SP_003_BS_230622_W_7_EX_230725,BS_230622_W_7,2023-07-25,8.0,0.194,3
EX_LY_A_2022_SP_004_BS_220623_C_0_EX_221012,BS_220623_C_0,2022-10-12,4.0 | 4,,11
EX_LY_A_2022_SP_004_BS_230622_W_1_EX_230725,BS_230622_W_1,2023-07-25,8.0,0.096,3
EX_LY_A_2022_SP_004_BS_230622_W_2_EX_230725,BS_230622_W_2,2023-07-25,8.0,0.124,3
EX_LY_A_2022_SP_004_BS_230622_W_3_EX_230725,BS_230622_W_3,2023-07-25,8.0,0.12,3
EX_LY_A_2022_SP_004_BS_230622_W_4_EX_230725,BS_230622_W_4,2023-07-25,8.0,0.418,3
EX_LY_A_2022_SP_004_BS_230622_W_5_EX_230725,BS_230622_W_5,2023-07-25,8.0,0.032,3
EX_LY_A_2022_SP_004_BS_230622_W_6_EX_230726,BS_230622_W_6,2023-07-26,8.0,0.215,3
EX_LY_A_2022_SP_004_BS_230622_W_7_EX_230726,BS_230622_W_7,2023-07-26,8.0,0.675,3
EX_LY_A_2022_SP_005_BS_220623_C_0_EX_221012,BS_220623_C_0,2022-10-12,4.0 | 4,,11
EX_LY_A_2022_SP_005_BS_230622_W_1_EX_230726,BS_230622_W_1,2023-07-26,8.0,0.373,3
EX_LY_A_2022_SP_005_BS_230622_W_2_EX_230726,BS_230622_W_2,2023-07-26,8.0,0.007,3
EX_LY_A_2022_SP_005_BS_230622_W_3_EX_230726,BS_230622_W_3,2023-07-26,8.0,0.013,3
EX_LY_A_2022_SP_005_BS_230622_W_4_EX_230726,BS_230622_W_4,2023-07-26,8.0,0.19,3
EX_LY_A_2022_SP_005_BS_230622_W_5_EX_230726,BS_230622_W_5,2023-07-26,8.0,0.032,3
EX_LY_A_2022_SP_005_BS_230622_W_6_EX_230726,BS_230622_W_6,2023-07-26,8.0,0.072,3
EX_LY_A_2022_SP_005_BS_230622_W_7_EX_230726,BS_230622_W_7,2023-07-26,8.0,0.223,3
EX_LY_A_2022_SP_006_BS_220623_C_0_EX_221012,BS_220623_C_0,2022-10-12,4.0 | 4,,11
EX_LY_A_2022_SP_006_BS_230622_W_1_EX_230726,BS_230622_W_1,2023-07-26,8.0,0.053,3
EX_LY_A_2022_SP_006_BS_230622_W_2_EX_230726,BS_230622_W_2,2023-07-26,8.0,0.023,3
EX_LY_A_2022_SP_006_BS_230622_W_3_EX_230726,BS_230622_W_3,2023-07-26,8.0,0.198,3
EX_LY_A_2022_SP_006_BS_230622_W_4_EX_230726,BS_230622_W_4,2023-07-26,8.0,0.062,3
EX_LY_A_2022_SP_006_BS_230622_W_5_EX_230726,BS_230622_W_5,2023-07-26,8.0,0.045,3
EX_LY_A_2022_SP_006_BS_230622_W_6_EX_230726,BS_230622_W_6,2023-07-26,8.0,0.215,3
EX_LY_A_2022_SP_006_BS_230622_W_7_EX_230726,BS_230622_W_7,2023-07-26,8.0,0.784,3
EX_LY_A_2022_SP_007_BS_220623_C_0_EX_221012,BS_220623_C_0,2022-10-12,4.0 | 4,,11
EX_LY_A_2022_SP_007_BS_230622_W_1_EX_230726,BS_230622_W_1,2023-07-26,8.0,0.13,3
EX_LY_A_2022_SP_007_BS_230622_W_2_EX_230726,BS_230622_W_2,2023-07-26,8.0,0.145,3
EX_LY_A_2022_SP_007_BS_230622_W_3_EX_230726,BS_230622_W_3,2023-07-26,8.0,0.336,3
EX_LY_A_2022_SP_007_BS_230622_W_4_EX_230726,BS_230622_W_4,2023-07-26,8.0,0.06,3
EX_LY_A_2022_SP_007_BS_230622_W_5_EX_230726,BS_230622_W_5,2023-07-26,8.0,0.031,3
EX_LY_A_2022_SP_007_BS_230622_W_6_EX_230726,BS_230622_W_6,2023-07-26,8.0,0.019,3
EX_LY_A_2022_SP_007_BS_230622_W_7_EX_230726,BS_230622_W_7,2023-07-26,8.0,0.459,3
EX_LY_A_2022_SP_008_BS_220623_C_0_EX_221012,BS_220623_C_0,2022-10-12,4.0 | 4,,11
EX_LY_A_2022_SP_008_BS_230622_W_1_EX_230726,BS_230622_W_1,2023-07-26,8.0,0.105,3
EX_LY_A_2022_SP_008_BS_230622_W_2_EX_230728,BS_230622_W_2,2023-07-28,8.0,0.04,3
EX_LY_A_2022_SP_008_BS_230622_W_3_EX_230728,BS_230622_W_3,2023-07-28,8.0,0.17,3
EX_LY_A_2022_SP_008_BS_230622_W_4_EX_230728,BS_230622_W_4,2023-07-28,8.0,0.055,3
EX_LY_A_2022_SP_008_BS_230622_W_5_EX_230728,BS_230622_W_5,2023-07-28,8.0,0.158,3
EX_LY_A_2022_SP_008_BS_230622_W_6_EX_230728,BS_230622_W_6,2023-07-28,8.0,0.032,3
EX_LY_A_2022_SP_008_BS_230622_W_7_EX_230728,BS_230622_W_7,2023-07-28,8.0,0.229,3
EX_LY_A_2022_SP_009_BS_220623_C_0_EX_221012,BS_220623_C_0,2022-10-12,4.0 | 4,,11
EX_LY_A_2022_SP_009_BS_230622_W_1_EX_230728,BS_230622_W_1,2023-07-28,8.0,0.177,3
EX_LY_A_2022_SP_009_BS_230622_W_2_EX_230728,BS_230622_W_2,2023-07-28,8.0,0.069,3
EX_LY_A_2022_SP_009_BS_230622_W_3_EX_230728,BS_230622_W_3,2023-07-28,8.0,0.137,3
EX_LY_A_2022_SP_009_BS_230622_W_4_EX_230728,BS_230622_W_4,2023-07-28,8.0,0.142,3
EX_LY_A_2022_SP_009_BS_230622_W_5_EX_230728,BS_230622_W_5,2023-07-28,8.0,0.098,3
EX_LY_A_2022_SP_009_BS_230622_W_6_EX_230728,BS_230622_W_6,2023-07-28,8.0,0.286,3
EX_LY_A_2022_SP_009_BS_230622_W_7_EX_230728,BS_230622_W_7,2023-07-28,8.0,0.108,3
EX_LY_A_2022_SP_010_BS_220623_C_1_EX_221012,BS_220623_C_1,2022-10-12,4.0 | 4,,11
EX_LY_A_2022_SP_010_BS_220623_C_2_EX_221012,BS_220623_C_2,2022-10-12,4.0 | 4,,11
EX_LY_A_2022_SP_010_BS_220623_C_3_EX_221012,BS_220623_C_3,2022-10-12,4.0 | 4,,11
EX_LY_A_2022_SP_010_BS_220623_C_4_EX_221012,BS_220623_C_4,2022-10-12,4.0 | 4,,11
EX_LY_A_2022_SP_010_BS_220623_C_5_EX_221012,BS_220623_C_5,2022-10-12,4.0 | 4,,11
EX_LY_A_2022_SP_010_BS_220623_C_6_EX_221012,BS_220623_C_6,2022-10-12,4.0 | 4,,11
EX_LY_A_2022_SP_010_BS_220623_C_7_EX_221012,BS_220623_C_7,2022-10-12,4.0 | 4,,11
EX_LY_A_2022_SP_010_BS_230622_W_1_EX_230728,BS_230622_W_1,2023-07-28,8.0,0.422,3
EX_LY_A_2022_SP_010_BS_230622_W_2_EX_230728,BS_230622_W_2,2023-07-28,8.0,0.132,3
EX_LY_A_2022_SP_010_BS_230622_W_3_EX_230728,BS_230622_W_3,2023-07-28,8.0,0.073,3
EX_LY_A_2022_SP_010_BS_230622_W_4_EX_230728,BS_230622_W_4,2023-07-28,8.0,0.227,3
EX_LY_A_2022_SP_010_BS_230622_W_5_EX_230728,BS_230622_W_5,2023-07-28,8.0,0.2,3
EX_LY_A_2022_SP_010_BS_230622_W_6_EX_230728,BS_230622_W_6,2023-07-28,8.0,0.368,3
EX_LY_A_2022_SP_010_BS_230622_W_7_EX_230728,BS_230622_W_7,2023-07-28,8.0,0.391,3
EX_LY_A_2022_SP_011_BS_220623_C_1_EX_221012,BS_220623_C_1,2022-10-12,4.0 | 4,,11
EX_LY_A_2022_SP_011_BS_220623_C_2_EX_221012,BS_220623_C_2,2022-10-12,4.0 | 4,,11
EX_LY_A_2022_SP_011_BS_220623_C_3_EX_221012,BS_220623_C_3,2022-10-12,4.0 | 4,,11
EX_LY_A_2022_SP_011_BS_220623_C_4_EX_221012,BS_220623_C_4,2022-10-12,4.0 | 4,,11
EX_LY_A_2022_SP_011_BS_220623_C_5_EX_221012,BS_220623_C_5,2022-10-12,4.0 | 4,,11
EX_LY_A_2022_SP_011_BS_220623_C_6_EX_221012,BS_220623_C_6,2022-10-12,4.0 | 4,,11
EX_LY_A_2022_SP_011_BS_220623_C_7_EX_221012,BS_220623_C_7,2022-10-12,4.0,,2
EX_LY_A_2022_SP_011_BS_230622_W_1_EX_230728,BS_230622_W_1,2023-07-28,8.0,0.086,3
EX_LY_A_2022_SP_011_BS_230622_W_2_EX_230728,BS_230622_W_2,2023-07-28,8.0,0.012,3
EX_LY_A_2022_SP_011_BS_230622_W_3_EX_230728,BS_230622_W_3,2023-07-28,8.0,0.029,3
EX_LY_A_2022_SP_011_BS_230622_W_4_EX_230728,BS_230622_W_4,2023-07-28,8.0,0.174,3
EX_LY_A_2022_SP_011_BS_230622_W_5_EX_230731,BS_230622_W_5,2023-07-31,8.0,0.121,3
EX_LY_A_2022_SP_011_BS_230622_W_6_EX_230731,BS_230622_W_6,2023-07-31,8.0,0.048,3
EX_LY_A_2022_SP_011_BS_230622_W_7_EX_230731,BS_230622_W_7,2023-07-31,8.0,0.424,3
EX_LY_A_2022_SP_012_BS_220623_C_1_EX_221012,BS_220623_C_1,2022-10-12,4.0,,2
EX_LY_A_2022_SP_012_BS_220623_C_2_EX_221012,BS_220623_C_2,2022-10-12,4.0,,2
EX_LY_A_2022_SP_012_BS_220623_C_3_EX_221012,BS_220623_C_3,2022-10-12,4.0,,2
EX_LY_A_2022_SP_012_BS_220623_C_4_EX_221012,BS_220623_C_4,2022-10-12,4.0,,2
EX_LY_A_2022_SP_012_BS_220623_C_5_EX_221012,BS_220623_C_5,2022-10-12,4.0,,2
EX_LY_A_2022_SP_012_BS_220623_C_6_EX_221012,BS_220623_C_6,2022-10-12,4.0,,2
EX_LY_A_2022_SP_012_BS_220623_C_7_EX_221012,BS_220623_C_7,2022-10-12,4.0,,2
EX_LY_A_2022_SP_012_BS_230622_W_1_EX_230731,BS_230622_W_1,2023-07-31,8.0,0.201,3
EX_LY_A_2022_SP_012_BS_230622_W_2_EX_230731,BS_230622_W_2,2023-07-31,8.0,0.04,3
EX_LY_A_2022_SP_012_BS_230622_W_3_EX_230731,BS_230622_W_3,2023-07-31,8.0,0.125,3
EX_LY_A_2022_SP_012_BS_230622_W_4_EX_230731,BS_230622_W_4,2023-07-31,8.0,0.035,3
EX_LY_A_2022_SP_012_BS_230622_W_5_EX_230731,BS_230622_W_5,2023-07-31,8.0,0.013,3
EX_LY_A_2022_SP_012_BS_230622_W_6_EX_230731,BS_230622_W_6,2023-07-31,8.0,0.055,3
EX_LY_A_2022_SP_012_BS_230622_W_7_EX_230731,BS_230622_W_7,2023-07-31,8.0,0.006,3
EX_LY_A_2022_SP_013_BS_220623_C_1_EX_221012,BS_220623_C_1,2022-10-12,4.0 | 4,,12
EX_LY_A_2022_SP_013_BS_220623_C_2_EX_221012,BS_220623_C_2,2022-10-12,4.0 | 4,,12
EX_LY_A_2022_SP_013_BS_220623_C_3_EX_221012,BS_220623_C_3,2022-10-12,4.0 | 4,,12
EX_LY_A_2022_SP_013_BS_220623_C_4_EX_221012,BS_220623_C_4,2022-10-12,4.0,,2
EX_LY_A_2022_SP_013_BS_220623_C_5_EX_221012,BS_220623_C_5,2022-10-12,4.0,,2
EX_LY_A_2022_SP_013_BS_220623_C_6_EX_221012,BS_220623_C_6,2022-10-12,4.0,,2
EX_LY_A_2022_SP_013_BS_220623_C_7_EX_221012,BS_220623_C_7,2022-10-12,4.0,,2
EX_LY_A_2022_SP_013_BS_230622_W_1_EX_230731,BS_230622_W_1,2023-07-31,8.0,0.012,1
EX_LY_A_2022_SP_013_BS_230622_W_2_EX_230731,BS_230622_W_2,2023-07-31,8.0,0.026,3
EX_LY_A_2022_SP_013_BS_230622_W_3_EX_230731,BS_230622_W_3,2023-07-31,8.0,0.168,3
EX_LY_A_2022_SP_013_BS_230622_W_4_EX_230731,BS_230622_W_4,2023-07-31,8.0,0.125,3
EX_LY_A_2022_SP_013_BS_230622_W_5_EX_230731,BS_230622_W_5,2023-07-31,8.0,0.185,3
EX_LY_A_2022_SP_013_BS_230622_W_6_EX_230731,BS_230622_W_6,2023-07-31,8.0,0.038,3
EX_LY_A_2022_SP_013_BS_230622_W_7_EX_230731,BS_230622_W_7,2023-07-31,8.0,0.028,3
EX_LY_A_2022_SP_014_BS_220623_C_1_EX_221012,BS_220623_C_1,2022-10-12,4.0 | 4,,8
EX_LY_A_2022_SP_014_BS_220623_C_2_EX_221012,BS_220623_C_2,2022-10-12,4.0 | 4,,10
EX_LY_A_2022_SP_014_BS_220623_C_3_EX_221012,BS_220623_C_3,2022-10-12,4.0 | 4,,10
EX_LY_A_2022_SP_014_BS_220623_C_4_EX_221012,BS_220623_C_4,2022-10-12,4.0 | 4,,12
EX_LY_A_2022_SP_014_BS_220623_C_5_EX_221012,BS_220623_C_5,2022-10-12,4.0 | 4,,4
EX_LY_A_2022_SP_014_BS_220623_C_6_EX_221012,BS_220623_C_6,2022-10-12,4.0,,2
EX_LY_A_2022_SP_014_BS_220623_C_7_EX_221012,BS_220623_C_7,2022-10-12,4.0,,2
EX_LY_A_2022_SP_014_BS_230622_W_1_EX_230731,BS_230622_W_1,2023-07-31,8.0,0.142,3
EX_LY_A_2022_SP_014_BS_230622_W_2_EX_230731,BS_230622_W_2,2023-07-31,9.0,1.5440062618441708,2
EX_LY_A_2022_SP_014_BS_230622_W_3_EX_230731,BS_230622_W_3,2023-07-31,9.0,0.0305487640664819,2
EX_LY_A_2022_SP_014_BS_230622_W_4_EX_230731,BS_230622_W_4,2023-07-31,9.0,0.0764866536459065,2
EX_LY_A_2022_SP_014_BS_230622_W_5_EX_230731,BS_230622_W_5,2023-07-31,9.0,0.0918172824829229,2
EX_LY_A_2022_SP_014_BS_230622_W_6_EX_230731,BS_230622_W_6,2023-07-31,9.0,0.1296601320629955,2
EX_LY_A_2022_SP_014_BS_230622_W_7_EX_230731,BS_230622_W_7,2023-07-31,9.0,0.250937240491309,2
EX_LY_A_2022_SP_015_BS_220623_C_1_EX_221012,BS_220623_C_1,2022-10-12,4.0,,2
EX_LY_A_2022_SP_015_BS_220623_C_2_EX_221012,BS_220623_C_2,2022-10-12,4.0 | 4,,8
EX_LY_A_2022_SP_015_BS_220623_C_3_EX_221012,BS_220623_C_3,2022-10-12,4.0 | 4,,8
EX_LY_A_2022_SP_015_BS_220623_C_4_EX_221012,BS_220623_C_4,2022-10-12,4.0 | 4,,8
EX_LY_A_2022_SP_015_BS_220623_C_5_EX_221012,BS_220623_C_5,2022-10-12,4.0 | 4,,8
EX_LY_A_2022_SP_015_BS_220623_C_6_EX_221012,BS_220623_C_6,2022-10-12,4.0,,2
EX_LY_A_2022_SP_015_BS_220623_C_7_EX_221012,BS_220623_C_7,2022-10-12,4.0,,2
EX_LY_A_2022_SP_015_BS_230622_W_1_EX_230802,BS_230622_W_1,2023-08-02,9.0,0.2169709206274353,2
EX_LY_A_2022_SP_015_BS_230622_W_2_EX_230802,BS_230622_W_2,2023-08-02,9.0,0.2238690286424474,2
EX_LY_A_2022_SP_015_BS_230622_W_3_EX_230802,BS_230622_W_3,2023-08-02,9.0,0.0782888012388696,2
EX_LY_A_2022_SP_015_BS_230622_W_4_EX_230802,BS_230622_W_4,2023-08-02,9.0,0.336169147188211,2
EX_LY_A_2022_SP_015_BS_230622_W_5_EX_230802,BS_230622_W_5,2023-08-02,9.0,0.1826716196852114,2
EX_LY_A_2022_SP_015_BS_230622_W_6_EX_230802,BS_230622_W_6,2023-08-02,9.0,0.1542017374862673,2
EX_LY_A_2022_SP_015_BS_230622_W_7_EX_230802,BS_230622_W_7,2023-08-02,9.0,0.412714297510044,2
EX_LY_A_2022_SP_016_BS_220623_C_0_EX_221012,BS_220623_C_0,2022-10-12,4.0,,2
EX_LY_A_2022_SP_016_BS_230622_W_1_EX_230802,BS_230622_W_1,2023-08-02,9.0,0.2733684658369288,2
EX_LY_A_2022_SP_016_BS_230622_W_2_EX_230802,BS_230622_W_2,2023-08-02,9.0,0.8605940967404527,2
EX_LY_A_2022_SP_016_BS_230622_W_3_EX_230802,BS_230622_W_3,2023-08-02,9.0,0.4670149618747914,2
EX_LY_A_2022_SP_016_BS_230622_W_4_EX_230802,BS_230622_W_4,2023-08-02,9.0,0.2843635910389392,2
EX_LY_A_2022_SP_016_BS_230622_W_5_EX_230802,BS_230622_W_5,2023-08-02,9.0,1.0626348657737523,2
EX_LY_A_2022_SP_016_BS_230622_W_6_EX_230802,BS_230622_W_6,2023-08-02,9.0,0.5482240971656785,2
EX_LY_A_2022_SP_016_BS_230622_W_7_EX_230802,BS_230622_W_7,2023-08-02,9.0,0.2067070038745048,2
EX_LY_A_2022_SP_017_BS_220623_C_0_EX_221012,BS_220623_C_0,2022-10-12,4.0,,2
EX_LY_A_2022_SP_017_BS_230622_W_1_EX_230802,BS_230622_W_1,2023-08-02,9.0,0.105923980869787,2
EX_LY_A_2022_SP_017_BS_230622_W_2_EX_230802,BS_230622_W_2,2023-08-02,9.0,0.3321373762935921,2
EX_LY_A_2022_SP_017_BS_230622_W_3_EX_230802,BS_230622_W_3,2023-08-02,9.0,0.2535875898852048,2
EX_LY_A_2022_SP_017_BS_230622_W_4_EX_230802,BS_230622_W_4,2023-08-02,9.0,0.3221254452215752,2
EX_LY_A_2022_SP_017_BS_230622_W_5_EX_230802,BS_230622_W_5,2023-08-02,9.0,0.3111618182296791,2
EX_LY_A_2022_SP_017_BS_230622_W_6_EX_230802,BS_230622_W_6,2023-08-02,9.0,0.5213043768787838,2
EX_LY_A_2022_SP_017_BS_230622_W_7_EX_230802,BS_230622_W_7,2023-08-02,9.0,0.1165343779339739,2
EX_LY_A_2022_SP_018_BS_220623_C_0_EX_221012,BS_220623_C_0,2022-10-12,4.0 | 4,,10
EX_LY_A_2022_SP_018_BS_230622_W_1_EX_230802,BS_230622_W_1,2023-08-02,9.0,0.101127253443823,2
EX_LY_A_2022_SP_018_BS_230622_W_2_EX_230802,BS_230622_W_2,2023-08-02,9.0,0.3027202979190707,2
EX_LY_A_2022_SP_018_BS_230622_W_3_EX_230802,BS_230622_W_3,2023-08-02,9.0,0.0592796314349437,2
EX_LY_A_2022_SP_018_BS_230622_W_4_EX_230803,BS_230622_W_4,2023-08-03,9.0,0.2427837038160306,2
EX_LY_A_2022_SP_018_BS_230622_W_5_EX_230803,BS_230622_W_5,2023-08-03,9.0,0.0122393045015217,2
EX_LY_A_2022_SP_018_BS_230622_W_6_EX_230803,BS_230622_W_6,2023-08-03,9.0,0.260967170540534,2
EX_LY_A_2022_SP_018_BS_230622_W_7_EX_230803,BS_230622_W_7,2023-08-03,9.0,0.1961776022077545,2
EX_LY_A_2022_SP_019_BS_220623_C_0_EX_221012,BS_220623_C_0,2022-10-12,4.0 | 4,,10
EX_LY_A_2022_SP_019_BS_230622_W_1_EX_230803,BS_230622_W_1,2023-08-03,9.0,0.0253718082469963,2
EX_LY_A_2022_SP_019_BS_230622_W_2_EX_230803,BS_230622_W_2,2023-08-03,9.0,0.1233222422135862,2
EX_LY_A_2022_SP_019_BS_230622_W_3_EX_230803,BS_230622_W_3,2023-08-03,9.0,0.0740522919785083,2
EX_LY_A_2022_SP_019_BS_230622_W_4_EX_230803,BS_230622_W_4,2023-08-03,9.0,0.3125679883240634,2
EX_LY_A_2022_SP_019_BS_230622_W_5_EX_230803,BS_230622_W_5,2023-08-03,9.0,0.0660494967373479,2
EX_LY_A_2022_SP_019_BS_230622_W_6_EX_230803,BS_230622_W_6,2023-08-03,9.0,0.0663824778156981,2
EX_LY_A_2022_SP_019_BS_230622_W_7_EX_230803,BS_230622_W_7,2023-08-03,9.0,0.1801517628760745,2
EX_LY_A_2022_SP_020_BS_220623_C_0_EX_221012,BS_220623_C_0,2022-10-12,4.0 | 4,,10
EX_LY_A_2022_SP_020_BS_230622_W_1_EX_230803,BS_230622_W_1,2023-08-03,9.0,0.2978628239450293,2
EX_LY_A_2022_SP_020_BS_230622_W_2_EX_230808,BS_230622_W_2,2023-08-08,9.0,0.0644430880215231,2
EX_LY_A_2022_SP_020_BS_230622_W_3_EX_230803,BS_230622_W_3,2023-08-03,9.0,0.075505709388064,2
EX_LY_A_2022_SP_020_BS_230622_W_4_EX_230803,BS_230622_W_4,2023-08-03,9.0,0.2258646652403977,2
EX_LY_A_2022_SP_020_BS_230622_W_5_EX_230803,BS_230622_W_5,2023-08-03,9.0,0.0604248163598103,2
EX_LY_A_2022_SP_020_BS_230622_W_6_EX_230803,BS_230622_W_6,2023-08-03,9.0,0.221560659815506,2
EX_LY_A_2022_SP_020_BS_230622_W_7_EX_230803,BS_230622_W_7,2023-08-03,9.0,0.0526717569274126,2
EX_LY_A_2022_SP_021_BS_220623_C_0_EX_221012,BS_220623_C_0,2022-10-12,4.0 | 4,,10
EX_LY_A_2022_SP_021_BS_230622_W_1_EX_230803,BS_230622_W_1,2023-08-03,9.0,0.0339910684575349,2
EX_LY_A_2022_SP_021_BS_230622_W_2_EX_230803,BS_230622_W_2,2023-08-03,9.0,0.0561050618298615,2
EX_LY_A_2022_SP_021_BS_230622_W_3_EX_230803,BS_230622_W_3,2023-08-03,9.0,0.0697235379599554,2
EX_LY_A_2022_SP_021_BS_230622_W_4_EX_230803,BS_230622_W_4,2023-08-03,9.0,0.0842217141010962,2
EX_LY_A_2022_SP_021_BS_230622_W_5_EX_230803,BS_230622_W_5,2023-08-03,9.0,0.079260746008108,2
EX_LY_A_2022_SP_021_BS_230622_W_6_EX_230803,BS_230622_W_6,2023-08-03,9.0,0.1694018737385248,2
EX_LY_A_2022_SP_021_BS_230622_W_7_EX_230808,BS_230622_W_7,2023-08-08,9.0,0.0099264359302782,2
EX_LY_A_2022_SP_022_BS_220623_C_1_EX_221012,BS_220623_C_1,2022-10-12,4.0,,2
EX_LY_A_2022_SP_022_BS_220623_C_2_EX_221012,BS_220623_C_2,2022-10-12,4.0,,2
EX_LY_A_2022_SP_022_BS_220623_C_3_EX_221012,BS_220623_C_3,2022-10-12,4.0,,2
EX_LY_A_2022_SP_022_BS_220623_C_4_EX_221012,BS_220623_C_4,2022-10-12,4.0,,2
EX_LY_A_2022_SP_022_BS_220623_C_5_EX_221012,BS_220623_C_5,2022-10-12,4.0 | 4,,10
EX_LY_A_2022_SP_022_BS_220623_C_6_EX_221012,BS_220623_C_6,2022-10-12,4.0 | 4,,10
EX_LY_A_2022_SP_022_BS_220623_C_7_EX_221012,BS_220623_C_7,2022-10-12,4.0 | 4,,10
EX_LY_A_2022_SP_022_BS_230622_W_1_EX_230808,BS_230622_W_1,2023-08-08,9.0,0.1778771421313983,2
EX_LY_A_2022_SP_022_BS_230622_W_2_EX_230808,BS_230622_W_2,2023-08-08,9.0,0.1874750967276284,2
EX_LY_A_2022_SP_022_BS_230622_W_3_EX_230808,BS_230622_W_3,2023-08-08,9.0,0.0550116239644682,2
EX_LY_A_2022_SP_022_BS_230622_W_4_EX_230808,BS_230622_W_4,2023-08-08,9.0,0.0101109254466614,2
EX_LY_A_2022_SP_022_BS_230622_W_5_EX_230808,BS_230622_W_5,2023-08-08,9.0,0.1584854940617999,2
EX_LY_A_2022_SP_022_BS_230622_W_6_EX_230808,BS_230622_W_6,2023-08-08,9.0,0.0617589905453622,2
EX_LY_A_2022_SP_022_BS_230622_W_7_EX_230808,BS_230622_W_7,2023-08-08,9.0,0.2244337465523521,2
EX_LY_A_2022_SP_023_BS_220623_C_1_EX_221012,BS_220623_C_1,2022-10-12,4.0 | 4,,10
EX_LY_A_2022_SP_023_BS_220623_C_2_EX_221012,BS_220623_C_2,2022-10-12,4.0 | 4,,10
EX_LY_A_2022_SP_023_BS_220623_C_3_EX_221012,BS_220623_C_3,2022-10-12,4.0 | 4,,10
EX_LY_A_2022_SP_023_BS_220623_C_4_EX_221012,BS_220623_C_4,2022-10-12,4.0 | 4,,10
EX_LY_A_2022_SP_023_BS_220623_C_5_EX_221012,BS_220623_C_5,2022-10-12,4.0 | 4,,10
EX_LY_A_2022_SP_023_BS_220623_C_6_EX_221012,BS_220623_C_6,2022-10-12,4.0 | 4,,10
EX_LY_A_2022_SP_023_BS_220623_C_7_EX_221012,BS_220623_C_7,2022-10-12,4.0,,2
EX_LY_A_2022_SP_023_BS_230622_W_1_EX_230808,BS_230622_W_1,2023-08-08,9.0,0.5165391476629341,2
EX_LY_A_2022_SP_023_BS_230622_W_2_EX_230808,BS_230622_W_2,2023-08-08,9.0,0.9367792675181232,2
EX_LY_A_2022_SP_023_BS_230622_W_3_EX_230808,BS_230622_W_3,2023-08-08,9.0,0.0294260778631254,2
EX_LY_A_2022_SP_023_BS_230622_W_4_EX_230808,BS_230622_W_4,2023-08-08,9.0,0.1672014987748321,2
EX_LY_A_2022_SP_023_BS_230622_W_5_EX_230808,BS_230622_W_5,2023-08-08,9.0,0.3143161389854021,2
EX_LY_A_2022_SP_023_BS_230622_W_6_EX_230808,BS_230622_W_6,2023-08-08,9.0,0.1727631827321412,2
EX_LY_A_2022_SP_023_BS_230622_W_7_EX_230808,BS_230622_W_7,2023-08-08,9.0,0.1002475534327761,2
EX_LY_A_2022_SP_024_BS_220623_C_1_EX_221012,BS_220623_C_1,2022-10-12,4.0,,2
EX_LY_A_2022_SP_024_BS_220623_C_2_EX_221012,BS_220623_C_2,2022-10-12,4.0,,2
EX_LY_A_2022_SP_024_BS_220623_C_3_EX_221012,BS_220623_C_3,2022-10-12,4.0,,2
EX_LY_A_2022_SP_024_BS_220623_C_4_EX_221012,BS_220623_C_4,2022-10-12,4.0,,2
EX_LY_A_2022_SP_024_BS_220623_C_5_EX_221012,BS_220623_C_5,2022-10-12,4.0,,2
EX_LY_A_2022_SP_024_BS_220623_C_6_EX_221012,BS_220623_C_6,2022-10-12,4.0,,2
EX_LY_A_2022_SP_024_BS_220623_C_7_EX_221012,BS_220623_C_7,2022-10-12,4.0,,2
EX_LY_A_2022_SP_024_BS_230622_W_1_EX_230808,BS_230622_W_1,2023-08-08,9.0,0.1592594500817491,2
EX_LY_A_2022_SP_024_BS_230622_W_2_EX_230808,BS_230622_W_2,2023-08-08,9.0,0.0234774158958417,2
EX_LY_A_2022_SP_024_BS_230622_W_3_EX_230808,BS_230622_W_3,2023-08-08,9.0,0.1359710234465926,2
EX_LY_A_2022_SP_024_BS_230622_W_4_EX_230808,BS_230622_W_4,2023-08-08,9.0,0.5412809917076462,2
EX_LY_A_2022_SP_024_BS_230622_W_5_EX_230808,BS_230622_W_5,2023-08-08,9.0,0.1644071575632714,2
EX_LY_A_2022_SP_024_BS_230622_W_6_EX_230808,BS_230622_W_6,2023-08-08,9.0,0.2507257525091136,2
EX_LY_A_2022_SP_024_BS_230622_W_7_EX_230808,BS_230622_W_7,2023-08-08,9.0,0.2568026571890052,2
EX_LY_H_2022_SP_001_BS_200622_W_1_EX_230331,BS_200622_W_1,2023-03-31,6.0,0.0960282840774997,3
EX_LY_H_2022_SP_001_BS_200622_W_2_EX_230331,BS_200622_W_2,2023-03-31,6.0,0.0139917940745652,3
EX_LY_H_2022_SP_001_BS_200622_W_3_EX_230331,BS_200622_W_3,2023-03-31,6.0,0.0306697808290277,3
EX_LY_H_2022_SP_001_BS_200622_W_4_EX_230331,BS_200622_W_4,2023-03-31,6.0,0.0040003162174433,3
EX_LY_H_2022_SP_001_BS_200622_W_5_EX_230331,BS_200622_W_5,2023-03-31,6.0,0.0040975820540806,3
EX_LY_H_2022_SP_001_BS_200622_W_6_EX_230608,BS_200622_W_6,2023-06-08,6.0,0.6848777285654034,3
EX_LY_H_2022_SP_001_BS_200622_W_7_EX_230608,BS_200622_W_7,2023-06-08,6.0,0.0645576122106289,3
EX_LY_H_2022_SP_001_BS_220620_C_1_EX_221011,BS_220620_C_1,2022-10-11,2.0,,2
EX_LY_H_2022_SP_001_BS_220620_C_2_EX_221011,BS_220620_C_2,2022-10-11,2.0,,2
EX_LY_H_2022_SP_001_BS_220620_C_3_EX_221011,BS_220620_C_3,2022-10-11,2.0,,2
EX_LY_H_2022_SP_001_BS_220620_C_4_EX_221011,BS_220620_C_4,2022-10-11,2.0,,2
EX_LY_H_2022_SP_001_BS_220620_C_5_EX_221011,BS_220620_C_5,2022-10-11,2.0,,2
EX_LY_H_2022_SP_001_BS_220620_C_6_EX_221011,BS_220620_C_6,2022-10-11,2.0,,2
EX_LY_H_2022_SP_001_BS_220620_C_7_EX_221011,BS_220620_C_7,2022-10-11,2.0,,2
EX_LY_H_2022_SP_002_BS_200622_W_1_EX_230608,BS_200622_W_1,2023-06-08,6.0,1.1589762501660763,3
EX_LY_H_2022_SP_002_BS_200622_W_2_EX_230608,BS_200622_W_2,2023-06-08,6.0,0.7791055599221708,3
EX_LY_H_2022_SP_002_BS_200622_W_3_EX_230608,BS_200622_W_3,2023-06-08,6.0,0.0184184243845038,3
EX_LY_H_2022_SP_002_BS_200622_W_4_EX_230608,BS_200622_W_4,2023-06-08,6.0,0.0414518022945631,3
EX_LY_H_2022_SP_002_BS_200622_W_5_EX_230608,BS_200622_W_5,2023-06-08,6.0,0.1953242863688345,3
EX_LY_H_2022_SP_002_BS_200622_W_6_EX_230608,BS_200622_W_6,2023-06-08,6.0,0.0458660156891864,3
EX_LY_H_2022_SP_002_BS_200622_W_7_EX_230608,BS_200622_W_7,2023-06-08,6.0,0.2271177980339056,3
EX_LY_H_2022_SP_002_BS_220620_C_1_EX_221011,BS_220620_C_1,2022-10-11,2.0,,2
EX_LY_H_2022_SP_002_BS_220620_C_2_EX_221011,BS_220620_C_2,2022-10-11,2.0,,2
EX_LY_H_2022_SP_002_BS_220620_C_3_EX_221011,BS_220620_C_3,2022-10-11,2.0,,2
EX_LY_H_2022_SP_002_BS_220620_C_4_EX_221011,BS_220620_C_4,2022-10-11,2.0,,2
EX_LY_H_2022_SP_002_BS_220620_C_5_EX_221011,BS_220620_C_5,2022-10-11,2.0,,2
EX_LY_H_2022_SP_002_BS_220620_C_6_EX_221011,BS_220620_C_6,2022-10-11,2.0,,2
EX_LY_H_2022_SP_003_BS_200622_W_1_EX_230608,BS_200622_W_1,2023-06-08,6.0,0.0808837863644886,3
EX_LY_H_2022_SP_003_BS_200622_W_2_EX_230608,BS_200622_W_2,2023-06-08,6.0,0.1965370050979715,3
EX_LY_H_2022_SP_003_BS_200622_W_3_EX_230608,BS_200622_W_3,2023-06-08,6.0,0.0919700222552512,3
EX_LY_H_2022_SP_003_BS_200622_W_4_EX_230608,BS_200622_W_4,2023-06-08,6.0,0.2483155419631722,3
EX_LY_H_2022_SP_003_BS_200622_W_5_EX_230608,BS_200622_W_5,2023-06-08,6.0,0.9261942692624642,3
EX_LY_H_2022_SP_003_BS_200622_W_6_EX_230608,BS_200622_W_6,2023-06-08,6.0,0.0560168439595225,3
EX_LY_H_2022_SP_003_BS_200622_W_7_EX_230608,BS_200622_W_7,2023-06-08,6.0,0.0102687889658323,3
EX_LY_H_2022_SP_003_BS_220620_C_1_EX_221011,BS_220620_C_1,2022-10-11,2.0,,2
EX_LY_H_2022_SP_003_BS_220620_C_2_EX_221011,BS_220620_C_2,2022-10-11,2.0,,2
EX_LY_H_2022_SP_003_BS_220620_C_3_EX_221011,BS_220620_C_3,2022-10-11,2.0,,2
EX_LY_H_2022_SP_003_BS_220620_C_4_EX_221011,BS_220620_C_4,2022-10-11,2.0,,2
EX_LY_H_2022_SP_003_BS_220620_C_6_EX_221011,BS_220620_C_6,2022-10-11,2.0,,2
EX_LY_H_2022_SP_003_BS_220620_C_7_EX_221011,BS_220620_C_7,2022-10-11,2.0,,2
EX_LY_H_2022_SP_004_BS_200622_W_1_EX_230608,BS_200622_W_1,2023-06-08,6.0,0.010132202897363,3
EX_LY_H_2022_SP_004_BS_200622_W_2_EX_230608,BS_200622_W_2,2023-06-08,6.0,0.0028600294943128,2
EX_LY_H_2022_SP_004_BS_200622_W_3_EX_230608,BS_200622_W_3,2023-06-08,6.0,0.0160902527628671,3
EX_LY_H_2022_SP_004_BS_200622_W_4_EX_230608,BS_200622_W_4,2023-06-08,6.0,0.072078123919987,3
EX_LY_H_2022_SP_004_BS_200622_W_5_EX_230608,BS_200622_W_5,2023-06-08,6.0,0.0835244503548961,3
EX_LY_H_2022_SP_004_BS_200622_W_6_EX_230608,BS_200622_W_6,2023-06-08,6.0,0.0070610858426884,3
EX_LY_H_2022_SP_004_BS_200622_W_7_EX_230612,BS_200622_W_7,2023-06-12,6.0,0.010173592615081,3
EX_LY_H_2022_SP_005_BS_200622_W_1_EX_230612,BS_200622_W_1,2023-06-12,6.0 | 13.0,0.1277472942506785,2
EX_LY_H_2022_SP_005_BS_200622_W_2_EX_230612,BS_200622_W_2,2023-06-12,6.0,4.186443708535263,3
EX_LY_H_2022_SP_005_BS_200622_W_3_EX_230612,BS_200622_W_3,2023-06-12,6.0,0.4080508795521964,3
EX_LY_H_2022_SP_005_BS_200622_W_4_EX_230612,BS_200622_W_4,2023-06-12,6.0,0.0449140521816727,3
EX_LY_H_2022_SP_005_BS_200622_W_5_EX_230612,BS_200622_W_5,2023-06-12,6.0,0.0151920958883868,3
EX_LY_H_2022_SP_005_BS_200622_W_6_EX_230612,BS_200622_W_6,2023-06-12,6.0,0.961261707599028,3
EX_LY_H_2022_SP_005_BS_200622_W_7_EX_230612,BS_200622_W_7,2023-06-12,6.0,0.0296453853155076,3
EX_LY_H_2022_SP_006_BS_200622_W_1_EX_230612,BS_200622_W_1,2023-06-12,6.0,0.1199101512007777,3
EX_LY_H_2022_SP_006_BS_200622_W_2_EX_230612,BS_200622_W_2,2023-06-12,6.0,0.4053729648158427,3
EX_LY_H_2022_SP_006_BS_200622_W_3_EX_230612,BS_200622_W_3,2023-06-12,6.0,0.0637546516869,3
EX_LY_H_2022_SP_006_BS_200622_W_4_EX_230612,BS_200622_W_4,2023-06-12,6.0,0.1570408669655832,3
EX_LY_H_2022_SP_006_BS_200622_W_5_EX_230612,BS_200622_W_5,2023-06-12,6.0,0.1772762999579066,3
EX_LY_H_2022_SP_006_BS_200622_W_6_EX_230612,BS_200622_W_6,2023-06-12,6.0,0.3244415802759783,3
EX_LY_H_2022_SP_006_BS_200622_W_7_EX_230612,BS_200622_W_7,2023-06-12,6.0,0.099844416051098,3
EX_LY_H_2022_SP_007_BS_200622_W_1_EX_230612,BS_200622_W_1,2023-06-12,6.0,0.0372921356639055,3
EX_LY_H_2022_SP_007_BS_200622_W_2_EX_230612,BS_200622_W_2,2023-06-12,6.0,0.5140147653678987,3
EX_LY_H_2022_SP_007_BS_200622_W_3_EX_230612,BS_200622_W_3,2023-06-12,6.0,0.2192061534921125,3
EX_LY_H_2022_SP_007_BS_200622_W_4_EX_230612,BS_200622_W_4,2023-06-12,6.0,0.1826755886342179,3
EX_LY_H_2022_SP_007_BS_200622_W_5_EX_230612,BS_200622_W_5,2023-06-12,6.0,0.0767489535644617,3
EX_LY_H_2022_SP_007_BS_200622_W_6_EX_230612,BS_200622_W_6,2023-06-12,6.0,0.0205189525586916,3
EX_LY_H_2022_SP_007_BS_200622_W_7_EX_230612,BS_200622_W_7,2023-06-12,6.0,0.339677135367969,3
EX_LY_H_2022_SP_007_BS_220620_C_1_EX_221011,BS_220620_C_1,2022-10-11,2.0,,2
EX_LY_H_2022_SP_007_BS_220620_C_2_EX_221011,BS_220620_C_2,2022-10-11,2.0,,2
EX_LY_H_2022_SP_007_BS_220620_C_3_EX_221011,BS_220620_C_3,2022-10-11,2.0,,2
EX_LY_H_2022_SP_007_BS_220620_C_4_EX_221011,BS_220620_C_4,2022-10-11,2.0,,2
EX_LY_H_2022_SP_007_BS_220620_C_5_EX_221011,BS_220620_C_5,2022-10-11,2.0,,2
EX_LY_H_2022_SP_007_BS_220620_C_6_EX_221011,BS_220620_C_6,2022-10-11,2.0,,2
EX_LY_H_2022_SP_007_BS_220620_C_7_EX_221011,BS_220620_C_7,2022-10-11,2.0,,2
EX_LY_H_2022_SP_008_BS_200622_W_1_EX_230612,BS_200622_W_1,2023-06-12,6.0,0.005999439583222,3
EX_LY_H_2022_SP_008_BS_200622_W_2_EX_230612,BS_200622_W_2,2023-06-12,6.0,0.0117567493177939,3
EX_LY_H_2022_SP_008_BS_200622_W_3_EX_230615,BS_200622_W_3,2023-06-15,6.0,0.0371845223978387,3
EX_LY_H_2022_SP_008_BS_200622_W_4_EX_230615,BS_200622_W_4,2023-06-15,6.0,0.035330263044073,3
EX_LY_H_2022_SP_008_BS_200622_W_5_EX_230615,BS_200622_W_5,2023-06-15,6.0,0.0019473862186312,2
EX_LY_H_2022_SP_008_BS_200622_W_6_EX_230615,BS_200622_W_6,2023-06-15,6.0,0.225238704849509,3
EX_LY_H_2022_SP_008_BS_200622_W_7_EX_230615,BS_200622_W_7,2023-06-15,6.0,0.0079695901465982,3
EX_LY_H_2022_SP_008_BS_220620_C_2_EX_221011,BS_220620_C_2,2022-10-11,2.0,,2
EX_LY_H_2022_SP_008_BS_220620_C_3_EX_221011,BS_220620_C_3,2022-10-11,2.0,,2
EX_LY_H_2022_SP_008_BS_220620_C_4_EX_221011,BS_220620_C_4,2022-10-11,2.0,,2
EX_LY_H_2022_SP_008_BS_220620_C_5_EX_221011,BS_220620_C_5,2022-10-11,2.0,,2
EX_LY_H_2022_SP_008_BS_220620_C_6_EX_221011,BS_220620_C_6,2022-10-11,2.0,,2
EX_LY_H_2022_SP_008_BS_220620_C_7_EX_221011,BS_220620_C_7,2022-10-11,2.0,,2
EX_LY_H_2022_SP_009_BS_200622_W_1_EX_230615,BS_200622_W_1,2023-06-15,6.0,0.0609194560232179,3
EX_LY_H_2022_SP_009_BS_200622_W_2_EX_230615,BS_200622_W_2,2023-06-15,6.0,0.1274182459948205,3
EX_LY_H_2022_SP_009_BS_200622_W_3_EX_230615,BS_200622_W_3,2023-06-15,6.0,0.0249331659533148,3
EX_LY_H_2022_SP_009_BS_200622_W_4_EX_230615,BS_200622_W_4,2023-06-15,6.0,0.0749215975272127,1
EX_LY_H_2022_SP_009_BS_200622_W_5_EX_230615,BS_200622_W_5,2023-06-15,6.0,0.0341092663713924,3
EX_LY_H_2022_SP_009_BS_200622_W_6_EX_230615,BS_200622_W_6,2023-06-15,6.0,0.0475443687426507,3
EX_LY_H_2022_SP_009_BS_200622_W_7_EX_230615,BS_200622_W_7,2023-06-15,6.0,0.3050132467791556,3
EX_LY_H_2022_SP_009_BS_220620_C_1_EX_221011,BS_220620_C_1,2022-10-11,2.0,,2
EX_LY_H_2022_SP_009_BS_220620_C_2_EX_221011,BS_220620_C_2,2022-10-11,2.0,,2
EX_LY_H_2022_SP_009_BS_220620_C_3_EX_221011,BS_220620_C_3,2022-10-11,2.0,,2
EX_LY_H_2022_SP_009_BS_220620_C_4_EX_221011,BS_220620_C_4,2022-10-11,2.0,,2
EX_LY_H_2022_SP_009_BS_220620_C_5_EX_221011,BS_220620_C_5,2022-10-11,2.0,,2
EX_LY_H_2022_SP_009_BS_220620_C_6_EX_221011,BS_220620_C_6,2022-10-11,2.0,,2
EX_LY_H_2022_SP_009_BS_220620_C_7_EX_221011,BS_220620_C_7,2022-10-11,2.0,,2
EX_LY_H_2022_SP_010_BS_200622_W_1_EX_230615,BS_200622_W_1,2023-06-15,6.0,0.0587216620123929,3
EX_LY_H_2022_SP_010_BS_200622_W_2_EX_230615,BS_200622_W_2,2023-06-15,6.0,0.1220168878326233,3
EX_LY_H_2022_SP_010_BS_200622_W_3_EX_230615,BS_200622_W_3,2023-06-15,6.0,0.0939236169315401,3
EX_LY_H_2022_SP_010_BS_200622_W_4_EX_230615,BS_200622_W_4,2023-06-15,6.0,0.1266815090194403,3
EX_LY_H_2022_SP_010_BS_200622_W_5_EX_230615,BS_200622_W_5,2023-06-15,6.0,0.0567101217312987,3
EX_LY_H_2022_SP_010_BS_200622_W_6_EX_230615,BS_200622_W_6,2023-06-15,6.0,0.115692538965315,3
EX_LY_H_2022_SP_010_BS_200622_W_7_EX_230615,BS_200622_W_7,2023-06-15,6.0,0.0076136385742235,3
EX_LY_H_2022_SP_011_BS_200622_W_1_EX_230615,BS_200622_W_1,2023-06-15,6.0,0.0068955269718165,3
EX_LY_H_2022_SP_011_BS_200622_W_2_EX_230615,BS_200622_W_2,2023-06-15,6.0,0.0064567959640058,3
EX_LY_H_2022_SP_011_BS_200622_W_3_EX_230615,BS_200622_W_3,2023-06-15,6.0,0.1126979928884187,3
EX_LY_H_2022_SP_011_BS_200622_W_4_EX_230615,BS_200622_W_4,2023-06-15,6.0,0.2412606645781415,3
EX_LY_H_2022_SP_011_BS_200622_W_5_EX_230615,BS_200622_W_5,2023-06-15,6.0,0.0493634468363562,3
EX_LY_H_2022_SP_011_BS_200622_W_6_EX_230619,BS_200622_W_6,2023-06-19,6.0,0.4174028862705753,3
EX_LY_H_2022_SP_011_BS_200622_W_7_EX_230619,BS_200622_W_7,2023-06-19,6.0,0.0855463380654197,3
EX_LY_H_2022_SP_012_BS_200622_W_1_EX_230619,BS_200622_W_1,2023-06-19,6.0,0.011611885305781,3
EX_LY_H_2022_SP_012_BS_200622_W_2_EX_230619,BS_200622_W_2,2023-06-19,6.0,0.6727443328163758,3
EX_LY_H_2022_SP_012_BS_200622_W_3_EX_230619,BS_200622_W_3,2023-06-19,6.0,0.1728476001620821,3
EX_LY_H_2022_SP_012_BS_200622_W_4_EX_230619,BS_200622_W_4,2023-06-19,6.0,0.1113300627178392,3
EX_LY_H_2022_SP_012_BS_200622_W_5_EX_230619,BS_200622_W_5,2023-06-19,6.0,0.083772788661204,3
EX_LY_H_2022_SP_012_BS_200622_W_6_EX_230619,BS_200622_W_6,2023-06-19,6.0,0.0352557615521806,3
EX_LY_H_2022_SP_012_BS_200622_W_7_EX_230619,BS_200622_W_7,2023-06-19,6.0,0.0646507390754944,3
EX_LY_H_2022_SP_013_BS_200622_W_1_EX_230619,BS_200622_W_1,2023-06-19,6.0,0.0119906012229005,1
EX_LY_H_2022_SP_013_BS_200622_W_2_EX_230619,BS_200622_W_2,2023-06-19,6.0,0.0788929409422534,3
EX_LY_H_2022_SP_013_BS_200622_W_3_EX_230619,BS_200622_W_3,2023-06-19,6.0,0.0137744980565458,1
EX_LY_H_2022_SP_013_BS_200622_W_4_EX_230619,BS_200622_W_4,2023-06-19,6.0,0.0023799087687842,1
EX_LY_H_2022_SP_013_BS_200622_W_5_EX_230619,BS_200622_W_5,2023-06-19,6.0,0.0058173248252629,3
EX_LY_H_2022_SP_013_BS_200622_W_6_EX_230619,BS_200622_W_6,2023-06-19,6.0,0.004828110571803,3
EX_LY_H_2022_SP_013_BS_200622_W_7_EX_230619,BS_200622_W_7,2023-06-19,6.0,0.0143436066751681,3
EX_LY_H_2022_SP_013_BS_220620_C_1_EX_221011,BS_220620_C_1,2022-10-11,2.0,,2
EX_LY_H_2022_SP_013_BS_220620_C_2_EX_221011,BS_220620_C_2,2022-10-11,2.0,,2
EX_LY_H_2022_SP_013_BS_220620_C_3_EX_221011,BS_220620_C_3,2022-10-11,2.0,,2
EX_LY_H_2022_SP_013_BS_220620_C_4_EX_221011,BS_220620_C_4,2022-10-11,2.0,,2
EX_LY_H_2022_SP_013_BS_220620_C_5_EX_221011,BS_220620_C_5,2022-10-11,2.0,,2
EX_LY_H_2022_SP_013_BS_220620_C_6_EX_221011,BS_220620_C_6,2022-10-11,2.0,,2
EX_LY_H_2022_SP_013_BS_220620_C_7_EX_221011,BS_220620_C_7,2022-10-11,2.0,,2
EX_LY_H_2022_SP_014_BS_200622_W_1_EX_230619,BS_200622_W_1,2023-06-19,6.0,0.1060052755334203,3
EX_LY_H_2022_SP_014_BS_200622_W_2_EX_230619,BS_200622_W_2,2023-06-19,7.0,0.0512887112976435,2
EX_LY_H_2022_SP_014_BS_200622_W_3_EX_230619,BS_200622_W_3,2023-06-19,7.0,0.597662692173403,2
EX_LY_H_2022_SP_014_BS_200622_W_4_EX_230619,BS_200622_W_4,2023-06-19,7.0,0.0810649990812961,2
EX_LY_H_2022_SP_014_BS_200622_W_5_EX_230619,BS_200622_W_5,2023-06-19,7.0,0.3454706557936238,2
EX_LY_H_2022_SP_014_BS_200622_W_6_EX_230619,BS_200622_W_6,2023-06-19,7.0,0.0282048794575578,2
EX_LY_H_2022_SP_014_BS_200622_W_7_EX_230619,BS_200622_W_7,2023-06-19,7.0,0.3837410426372479,2
EX_LY_H_2022_SP_014_BS_220620_C_1_EX_221011,BS_220620_C_1,2022-10-11,2.0,,2
EX_LY_H_2022_SP_014_BS_220620_C_2_EX_221011,BS_220620_C_2,2022-10-11,2.0,,2
EX_LY_H_2022_SP_014_BS_220620_C_3_EX_221011,BS_220620_C_3,2022-10-11,2.0,,2
EX_LY_H_2022_SP_014_BS_220620_C_4_EX_221011,BS_220620_C_4,2022-10-11,2.0,,2
EX_LY_H_2022_SP_014_BS_220620_C_5_EX_221011,BS_220620_C_5,2022-10-11,2.0,,2
EX_LY_H_2022_SP_014_BS_220620_C_6_EX_221011,BS_220620_C_6,2022-10-11,2.0,,2
EX_LY_H_2022_SP_014_BS_220620_C_7_EX_221011,BS_220620_C_7,2022-10-11,2.0,,2
EX_LY_H_2022_SP_015_BS_200622_W_1_EX_230619,BS_200622_W_1,2023-06-19,7.0,0.2575992010182189,2
EX_LY_H_2022_SP_015_BS_200622_W_2_EX_230619,BS_200622_W_2,2023-06-19,7.0,1.169004853707026,2
EX_LY_H_2022_SP_015_BS_200622_W_3_EX_230619,BS_200622_W_3,2023-06-19,7.0,0.1042516542257919,2
EX_LY_H_2022_SP_015_BS_200622_W_4_EX_230619,BS_200622_W_4,2023-06-19,7.0,1.1758090741119085,2
EX_LY_H_2022_SP_015_BS_200622_W_5_EX_230619,BS_200622_W_5,2023-06-19,7.0,0.3267858731509128,2
EX_LY_H_2022_SP_015_BS_200622_W_6_EX_230619,BS_200622_W_6,2023-06-19,7.0,0.8573094181229204,2
EX_LY_H_2022_SP_015_BS_200622_W_7_EX_230619,BS_200622_W_7,2023-06-19,7.0,0.4372762196073312,2
EX_LY_H_2022_SP_015_BS_220620_C_1_EX_221011,BS_220620_C_1,2022-10-11,2.0,,2
EX_LY_H_2022_SP_015_BS_220620_C_2_EX_221011,BS_220620_C_2,2022-10-11,2.0,,2
EX_LY_H_2022_SP_015_BS_220620_C_3_EX_221011,BS_220620_C_3,2022-10-11,2.0,,2
EX_LY_H_2022_SP_015_BS_220620_C_4_EX_221011,BS_220620_C_4,2022-10-11,2.0,,2
EX_LY_H_2022_SP_015_BS_220620_C_5_EX_221011,BS_220620_C_5,2022-10-11,2.0,,2
EX_LY_H_2022_SP_015_BS_220620_C_6_EX_221011,BS_220620_C_6,2022-10-11,2.0,,2
EX_LY_H_2022_SP_015_BS_220620_C_7_EX_221011,BS_220620_C_7,2022-10-11,2.0,,2
EX_LY_H_2022_SP_016_BS_200622_W_1_EX_230619,BS_200622_W_1,2023-06-19,7.0,0.5301569575388929,2
EX_LY_H_2022_SP_016_BS_200622_W_2_EX_230622,BS_200622_W_2,2023-06-22,7.0,0.3939786672937398,2
EX_LY_H_2022_SP_016_BS_200622_W_3_EX_230622,BS_200622_W_3,2023-06-22,7.0,0.0024878769088811,2
EX_LY_H_2022_SP_016_BS_200622_W_4_EX_230622,BS_200622_W_4,2023-06-22,7.0,0.010347153828581,2
EX_LY_H_2022_SP_016_BS_200622_W_5_EX_230622,BS_200622_W_5,2023-06-22,7.0,0.0444710791574032,2
EX_LY_H_2022_SP_016_BS_200622_W_6_EX_230622,BS_200622_W_6,2023-06-22,7.0,0.229785497175265,2
EX_LY_H_2022_SP_016_BS_200622_W_7_EX_230622,BS_200622_W_7,2023-06-22,7.0,0.0971344933292263,2
EX_LY_H_2022_SP_017_BS_200622_W_1_EX_230622,BS_200622_W_1,2023-06-22,7.0,0.0195945453578183,2
EX_LY_H_2022_SP_017_BS_200622_W_2_EX_230622,BS_200622_W_2,2023-06-22,7.0,0.0138342050216219,2
EX_LY_H_2022_SP_017_BS_200622_W_3_EX_230622,BS_200622_W_3,2023-06-22,7.0,0.0140398516304423,2
EX_LY_H_2022_SP_017_BS_200622_W_4_EX_230622,BS_200622_W_4,2023-06-22,7.0,0.0015892906399051,2
EX_LY_H_2022_SP_017_BS_200622_W_5_EX_230622,BS_200622_W_5,2023-06-22,7.0,0.0045599900216688,2
EX_LY_H_2022_SP_017_BS_200622_W_6_EX_230622,BS_200622_W_6,2023-06-22,7.0,0.2553259118750634,2
EX_LY_H_2022_SP_017_BS_200622_W_7_EX_230622,BS_200622_W_7,2023-06-22,7.0,0.1292555995112763,2
EX_LY_H_2022_SP_018_BS_200622_W_1_EX_230622,BS_200622_W_1,2023-06-22,7.0,0.0005454105712192,2
EX_LY_H_2022_SP_018_BS_200622_W_2_EX_230622,BS_200622_W_2,2023-06-22,7.0,0.0361647443924416,2
EX_LY_H_2022_SP_018_BS_200622_W_3_EX_230622,BS_200622_W_3,2023-06-22,7.0,0.005554693727376,2
EX_LY_H_2022_SP_018_BS_200622_W_4_EX_230623,BS_200622_W_4,2023-06-23,7.0,0.0052954001771243,2
EX_LY_H_2022_SP_018_BS_200622_W_5_EX_230623,BS_200622_W_5,2023-06-23,7.0,0.1159869226639104,2
EX_LY_H_2022_SP_018_BS_200622_W_6_EX_230623,BS_200622_W_6,2023-06-23,7.0,0.1714735071285608,2
EX_LY_H_2022_SP_018_BS_200622_W_7_EX_230623,BS_200622_W_7,2023-06-23,7.0,0.2879633698683906,2
EX_LY_H_2022_SP_019_BS_200622_W_1_EX_230623,BS_200622_W_1,2023-06-23,7.0,0.121,2
EX_LY_H_2022_SP_019_BS_200622_W_2_EX_230623,BS_200622_W_2,2023-06-23,7.0,0.0234750074546895,2
EX_LY_H_2022_SP_019_BS_200622_W_3_EX_230623,BS_200622_W_3,2023-06-23,7.0,0.0968215528375432,2
EX_LY_H_2022_SP_019_BS_200622_W_4_EX_230623,BS_200622_W_4,2023-06-23,7.0,0.0402106178920596,2
EX_LY_H_2022_SP_019_BS_200622_W_5_EX_230623,BS_200622_W_5,2023-06-23,7.0,0.1769544363114688,2
EX_LY_H_2022_SP_019_BS_200622_W_6_EX_230623,BS_200622_W_6,2023-06-23,7.0,0.0008203511460551,2
EX_LY_H_2022_SP_019_BS_200622_W_7_EX_230623,BS_200622_W_7,2023-06-23,7.0,0.1436799208886437,2
EX_LY_H_2022_SP_019_BS_220620_C_1_EX_221011,BS_220620_C_1,2022-10-11,2.0,,2
EX_LY_H_2022_SP_019_BS_220620_C_2_EX_221011,BS_220620_C_2,2022-10-11,2.0,,2
EX_LY_H_2022_SP_019_BS_220620_C_3_EX_221011,BS_220620_C_3,2022-10-11,2.0,,2
EX_LY_H_2022_SP_019_BS_220620_C_4_EX_221011,BS_220620_C_4,2022-10-11,2.0,,2
EX_LY_H_2022_SP_019_BS_220620_C_5_EX_221011,BS_220620_C_5,2022-10-11,2.0,,2
EX_LY_H_2022_SP_019_BS_220620_C_6_EX_221011,BS_220620_C_6,2022-10-11,2.0,,2
EX_LY_H_2022_SP_019_BS_220620_C_7_EX_221011,BS_220620_C_7,2022-10-11,2.0,,2
EX_LY_H_2022_SP_020_BS_200622_W_1_EX_230710,BS_200622_W_1,2023-07-10,7.0,0.0106377414280011,2
EX_LY_H_2022_SP_020_BS_200622_W_2_EX_230623,BS_200622_W_2,2023-06-23,7.0,0.1302190091678152,2
EX_LY_H_2022_SP_020_BS_200622_W_3_EX_230623,BS_200622_W_3,2023-06-23,7.0,0.0016675257628259,2
EX_LY_H_2022_SP_020_BS_200622_W_4_EX_230623,BS_200622_W_4,2023-06-23,7.0,0.0819837029533088,2
EX_LY_H_2022_SP_020_BS_200622_W_5_EX_230623,BS_200622_W_5,2023-06-23,7.0,0.0272615874040558,2
EX_LY_H_2022_SP_020_BS_200622_W_6_EX_230623,BS_200622_W_6,2023-06-23,7.0,0.6636640771586076,2
EX_LY_H_2022_SP_020_BS_200622_W_7_EX_230623,BS_200622_W_7,2023-06-23,7.0,0.0348280414351093,2
EX_LY_H_2022_SP_020_BS_220620_C_1_EX_221011,BS_220620_C_1,2022-10-11,2.0,,2
EX_LY_H_2022_SP_020_BS_220620_C_2_EX_221011,BS_220620_C_2,2022-10-11,2.0,,2
EX_LY_H_2022_SP_020_BS_220620_C_4_EX_221011,BS_220620_C_4,2022-10-11,2.0,,2
EX_LY_H_2022_SP_020_BS_220620_C_5_EX_221011,BS_220620_C_5,2022-10-11,2.0,,2
EX_LY_H_2022_SP_020_BS_220620_C_6_EX_221011,BS_220620_C_6,2022-10-11,2.0,,2
EX_LY_H_2022_SP_020_BS_220620_C_7_EX_221011,BS_220620_C_7,2022-10-11,2.0,,2
EX_LY_H_2022_SP_021_BS_200622_W_1_EX_230626,BS_200622_W_1,2023-06-26,7.0,0.0713571379714392,2
EX_LY_H_2022_SP_021_BS_200622_W_2_EX_230626,BS_200622_W_2,2023-06-26,7.0,0.1700138632637815,2
EX_LY_H_2022_SP_021_BS_200622_W_3_EX_230626,BS_200622_W_3,2023-06-26,7.0,0.5347661239235406,2
EX_LY_H_2022_SP_021_BS_200622_W_4_EX_230626,BS_200622_W_4,2023-06-26,7.0,0.2510565094528146,2
EX_LY_H_2022_SP_021_BS_200622_W_5_EX_230626,BS_200622_W_5,2023-06-26,7.0,0.1860162988349225,2
EX_LY_H_2022_SP_021_BS_200622_W_6_EX_230626,BS_200622_W_6,2023-06-26,7.0,0.3333397411624487,2
EX_LY_H_2022_SP_021_BS_200622_W_7_EX_230626,BS_200622_W_7,2023-06-26,7.0,0.1119991666841764,2
EX_LY_H_2022_SP_021_BS_220620_C_1_EX_221011,BS_220620_C_1,2022-10-11,2.0,,2
EX_LY_H_2022_SP_021_BS_220620_C_2_EX_221011,BS_220620_C_2,2022-10-11,2.0,,2
EX_LY_H_2022_SP_021_BS_220620_C_3_EX_221011,BS_220620_C_3,2022-10-11,2.0,,2
EX_LY_H_2022_SP_021_BS_220620_C_4_EX_221011,BS_220620_C_4,2022-10-11,2.0,,2
EX_LY_H_2022_SP_021_BS_220620_C_5_EX_221011,BS_220620_C_5,2022-10-11,2.0,,2
EX_LY_H_2022_SP_021_BS_220620_C_6_EX_221011,BS_220620_C_6,2022-10-11,2.0,,2
EX_LY_H_2022_SP_021_BS_220620_C_7_EX_221011,BS_220620_C_7,2022-10-11,2.0,,2
EX_LY_H_2022_SP_022_BS_200622_W_1_EX_230626,BS_200622_W_1,2023-06-26,7.0,0.0038201092877608,2
EX_LY_H_2022_SP_022_BS_200622_W_2_EX_230626,BS_200622_W_2,2023-06-26,7.0,0.5029110171594213,2
EX_LY_H_2022_SP_022_BS_200622_W_3_EX_230626,BS_200622_W_3,2023-06-26,7.0,0.0643562121146417,2
EX_LY_H_2022_SP_022_BS_200622_W_4_EX_230626,BS_200622_W_4,2023-06-26,7.0,0.0068444556109559,2
EX_LY_H_2022_SP_022_BS_200622_W_5_EX_230626,BS_200622_W_5,2023-06-26,7.0,0.0751817178376527,2
EX_LY_H_2022_SP_022_BS_200622_W_6_EX_230626,BS_200622_W_6,2023-06-26,7.0,0.0195744277547816,2
EX_LY_H_2022_SP_022_BS_200622_W_7_EX_230626,BS_200622_W_7,2023-06-26,7.0,0.000920939161239,2
EX_LY_H_2022_SP_023_BS_200622_W_1_EX_230626,BS_200622_W_1,2023-06-26,7.0,0.2909474809855122,2
EX_LY_H_2022_SP_023_BS_200622_W_2_EX_230626,BS_200622_W_2,2023-06-26,7.0,0.1881375883106891,2
EX_LY_H_2022_SP_023_BS_200622_W_3_EX_230626,BS_200622_W_3,2023-06-26,7.0,0.024087476702698,2
EX_LY_H_2022_SP_023_BS_200622_W_4_EX_230626,BS_200622_W_4,2023-06-26,7.0,0.3809223429228731,2
EX_LY_H_2022_SP_023_BS_200622_W_5_EX_230626,BS_200622_W_5,2023-06-26,7.0,0.1533386056355218,2
EX_LY_H_2022_SP_023_BS_200622_W_6_EX_230626,BS_200622_W_6,2023-06-26,7.0,0.1556208359355825,2
EX_LY_H_2022_SP_023_BS_200622_W_7_EX_230626,BS_200622_W_7,2023-06-26,7.0,0.4823865914834586,2
EX_LY_H_2022_SP_024_BS_200622_W_1_EX_230703,BS_200622_W_1,2023-07-03,7.0,0.1489037918105261,2
EX_LY_H_2022_SP_024_BS_200622_W_2_EX_230703,BS_200622_W_2,2023-07-03,7.0,0.3126923745790391,2
EX_LY_H_2022_SP_024_BS_200622_W_3_EX_230703,BS_200622_W_3,2023-07-03,7.0,0.0554731727292926,2
EX_LY_H_2022_SP_024_BS_200622_W_4_EX_230703,BS_200622_W_4,2023-07-03,7.0,0.1762592613620869,2
EX_LY_H_2022_SP_024_BS_200622_W_5_EX_230703,BS_200622_W_5,2023-07-03,7.0,0.0218879521040106,2
EX_LY_H_2022_SP_024_BS_200622_W_6_EX_230703,BS_200622_W_6,2023-07-03,7.0,0.016263964410619,2
EX_LY_H_2022_SP_024_BS_200622_W_7_EX_230703,BS_200622_W_7,2023-07-03,7.0,0.2214925741456613,2
EX_LY_L_2022_SP_001_BS_230622_W_1_EX_230703,BS_230622_W_1,2023-07-03,10.0,0.093,2
EX_LY_L_2022_SP_001_BS_230622_W_2_EX_230703,BS_230622_W_2,2023-07-03,10.0,0.078,2
EX_LY_L_2022_SP_001_BS_230622_W_3_EX_230703,BS_230622_W_3,2023-07-03,10.0,0.021,2
EX_LY_L_2022_SP_001_BS_230622_W_4_EX_230703,BS_230622_W_4,2023-07-03,10.0,0.154,2
EX_LY_L_2022_SP_001_BS_230622_W_5_EX_230703,BS_230622_W_5,2023-07-03,10.0,0.182,2
EX_LY_L_2022_SP_001_BS_230622_W_6_EX_230703,BS_230622_W_6,2023-07-03,10.0,0.014,2
EX_LY_L_2022_SP_001_BS_230622_W_7_EX_230703,BS_230622_W_7,2023-07-03,10.0,0.228,2
EX_LY_L_2022_SP_002_BS_230622_W_1_EX_230714,BS_230622_W_1,2023-07-14,10.0,0.027,2
EX_LY_L_2022_SP_002_BS_230622_W_2_EX_230714,BS_230622_W_2,2023-07-14,10.0,0.093,2
EX_LY_L_2022_SP_002_BS_230622_W_3_EX_230714,BS_230622_W_3,2023-07-14,10.0,0.02,2
EX_LY_L_2022_SP_002_BS_230622_W_4_EX_230714,BS_230622_W_4,2023-07-14,10.0,0.015,2
EX_LY_L_2022_SP_003_BS_230622_W_1_EX_230703,BS_230622_W_1,2023-07-03,10.0,0.397,2
EX_LY_L_2022_SP_003_BS_230622_W_2_EX_230703,BS_230622_W_2,2023-07-03,10.0,0.03,2
EX_LY_L_2022_SP_003_BS_230622_W_3_EX_230703,BS_230622_W_3,2023-07-03,10.0,0.144,2
EX_LY_L_2022_SP_003_BS_230622_W_4_EX_230703,BS_230622_W_4,2023-07-03,10.0,0.139,2
EX_LY_L_2022_SP_003_BS_230622_W_5_EX_230703,BS_230622_W_5,2023-07-03,10.0,0.019,2
EX_LY_L_2022_SP_003_BS_230622_W_6_EX_230703,BS_230622_W_6,2023-07-03,10.0,0.094,2
EX_LY_L_2022_SP_003_BS_230622_W_7_EX_230703,BS_230622_W_7,2023-07-03,10.0,0.096,2
EX_LY_L_2022_SP_004_BS_230622_W_1_EX_230703,BS_230622_W_1,2023-07-03,10.0,0.247,2
EX_LY_L_2022_SP_004_BS_230622_W_2_EX_230703,BS_230622_W_2,2023-07-03,10.0,0.083,2
EX_LY_L_2022_SP_004_BS_230622_W_3_EX_230703,BS_230622_W_3,2023-07-03,10.0,0.263,2
EX_LY_L_2022_SP_004_BS_230622_W_4_EX_230703,BS_230622_W_4,2023-07-03,10.0,0.101,2
EX_LY_L_2022_SP_004_BS_230622_W_5_EX_230703,BS_230622_W_5,2023-07-03,10.0,0.048,2
EX_LY_L_2022_SP_004_BS_230622_W_6_EX_230710,BS_230622_W_6,2023-07-10,10.0,0.095,2
EX_LY_L_2022_SP_004_BS_230622_W_7_EX_230710,BS_230622_W_7,2023-07-10,10.0,0.026,2
EX_LY_L_2022_SP_005_BS_230622_W_1_EX_230710,BS_230622_W_1,2023-07-10,10.0,0.015,2
EX_LY_L_2022_SP_005_BS_230622_W_2_EX_230710,BS_230622_W_2,2023-07-10,10.0,0.087,2
EX_LY_L_2022_SP_005_BS_230622_W_3_EX_230710,BS_230622_W_3,2023-07-10,10.0,0.248,2
EX_LY_L_2022_SP_005_BS_230622_W_4_EX_230710,BS_230622_W_4,2023-07-10,10.0,0.033,2
EX_LY_L_2022_SP_005_BS_230622_W_5_EX_230710,BS_230622_W_5,2023-07-10,10.0,0.467,2
EX_LY_L_2022_SP_005_BS_230622_W_6_EX_230710,BS_230622_W_6,2023-07-10,10.0,0.033,2
EX_LY_L_2022_SP_005_BS_230622_W_7_EX_230710,BS_230622_W_7,2023-07-10,10.0,0.056,2
EX_LY_L_2022_SP_006_BS_230622_W_1_EX_230710,BS_230622_W_1,2023-07-10,10.0,0.15,2
EX_LY_L_2022_SP_006_BS_230622_W_2_EX_230710,BS_230622_W_2,2023-07-10,10.0,0.008,2
EX_LY_L_2022_SP_006_BS_230622_W_3_EX_230710,BS_230622_W_3,2023-07-10,10.0,0.042,2
EX_LY_L_2022_SP_006_BS_230622_W_4_EX_230710,BS_230622_W_4,2023-07-10,10.0,0.016,2
EX_LY_L_2022_SP_006_BS_230622_W_5_EX_230710,BS_230622_W_5,2023-07-10,10.0,0.008,2
EX_LY_L_2022_SP_006_BS_230622_W_6_EX_230710,BS_230622_W_6,2023-07-10,10.0,0.03,2
EX_LY_L_2022_SP_006_BS_230622_W_7_EX_230710,BS_230622_W_7,2023-07-10,10.0,0.067,2
EX_LY_L_2022_SP_007_BS_230622_W_1_EX_230710,BS_230622_W_1,2023-07-10,10.0,0.037,2
EX_LY_L_2022_SP_007_BS_230622_W_2_EX_230710,BS_230622_W_2,2023-07-10,10.0,0.06,2
EX_LY_L_2022_SP_007_BS_230622_W_3_EX_230710,BS_230622_W_3,2023-07-10,10.0,0.039,2
EX_LY_L_2022_SP_007_BS_230622_W_4_EX_230710,BS_230622_W_4,2023-07-10,10.0,0.097,2
EX_LY_L_2022_SP_007_BS_230622_W_5_EX_230710,BS_230622_W_5,2023-07-10,10.0,0.166,2
EX_LY_L_2022_SP_007_BS_230622_W_6_EX_230710,BS_230622_W_6,2023-07-10,10.0,0.018,2
EX_LY_L_2022_SP_007_BS_230622_W_7_EX_230710,BS_230622_W_7,2023-07-10,10.0,0.063,2
EX_LY_L_2022_SP_008_BS_230622_W_1_EX_230713,BS_230622_W_1,2023-07-13,10.0,0.014,2
EX_LY_L_2022_SP_008_BS_230622_W_2_EX_230713,BS_230622_W_2,2023-07-13,10.0,0.002,2
EX_LY_L_2022_SP_008_BS_230622_W_3_EX_230713,BS_230622_W_3,2023-07-13,10.0,0.006,2
EX_LY_L_2022_SP_008_BS_230622_W_4_EX_230713,BS_230622_W_4,2023-07-13,10.0,0.015,2
EX_LY_L_2022_SP_008_BS_230622_W_5_EX_230713,BS_230622_W_5,2023-07-13,10.0,0.076,2
EX_LY_L_2022_SP_008_BS_230622_W_6_EX_230713,BS_230622_W_6,2023-07-13,10.0,0.036,2
EX_LY_L_2022_SP_008_BS_230622_W_7_EX_230713,BS_230622_W_7,2023-07-13,10.0,0.134,2
EX_LY_L_2022_SP_009_BS_230622_W_1_EX_230713,BS_230622_W_1,2023-07-13,10.0,0.024,2
EX_LY_L_2022_SP_009_BS_230622_W_2_EX_230713,BS_230622_W_2,2023-07-13,10.0,0.132,2
EX_LY_L_2022_SP_009_BS_230622_W_3_EX_230713,BS_230622_W_3,2023-07-13,10.0,0.118,2
EX_LY_L_2022_SP_009_BS_230622_W_4_EX_230713,BS_230622_W_4,2023-07-13,10.0,0.047,2
EX_LY_L_2022_SP_009_BS_230622_W_5_EX_230713,BS_230622_W_5,2023-07-13,10.0,0.005,2
EX_LY_L_2022_SP_009_BS_230622_W_6_EX_230713,BS_230622_W_6,2023-07-13,10.0,0.072,2
EX_LY_L_2022_SP_009_BS_230622_W_7_EX_230713,BS_230622_W_7,2023-07-13,10.0,0.046,2
EX_LY_L_2022_SP_010_BS_230622_W_1_EX_230713,BS_230622_W_1,2023-07-13,10.0,0.04,2
EX_LY_L_2022_SP_010_BS_230622_W_2_EX_230713,BS_230622_W_2,2023-07-13,10.0,0.057,2
EX_LY_L_2022_SP_010_BS_230622_W_3_EX_230713,BS_230622_W_3,2023-07-13,10.0,0.009,2
EX_LY_L_2022_SP_010_BS_230622_W_4_EX_230713,BS_230622_W_4,2023-07-13,10.0,0.026,2
EX_LY_L_2022_SP_010_BS_230622_W_5_EX_230713,BS_230622_W_5,2023-07-13,10.0,0.009,2
EX_LY_L_2022_SP_010_BS_230622_W_6_EX_230713,BS_230622_W_6,2023-07-13,10.0,0.008,2
EX_LY_L_2022_SP_010_BS_230622_W_7_EX_230713,BS_230622_W_7,2023-07-13,10.0,0.018,2
EX_LY_L_2022_SP_011_BS_230622_W_1_EX_230713,BS_230622_W_1,2023-07-13,10.0,0.016,2
EX_LY_L_2022_SP_011_BS_230622_W_2_EX_230713,BS_230622_W_2,2023-07-13,10.0,0.252,2
EX_LY_L_2022_SP_012_BS_230622_W_1_EX_230713,BS_230622_W_1,2023-07-13,10.0,0.403,2
EX_LY_L_2022_SP_012_BS_230622_W_2_EX_230714,BS_230622_W_2,2023-07-14,10.0,0.045,2
EX_LY_L_2022_SP_012_BS_230622_W_3_EX_230714,BS_230622_W_3,2023-07-14,10.0,0.05,2
EX_LY_L_2022_SP_012_BS_230622_W_4_EX_230714,BS_230622_W_4,2023-07-14,10.0,0.033,2
EX_LY_L_2022_SP_012_BS_230622_W_5_EX_230714,BS_230622_W_5,2023-07-14,10.0,0.022,2
EX_LY_L_2022_SP_012_BS_230622_W_6_EX_230714,BS_230622_W_6,2023-07-14,10.0,0.008,2
EX_LY_L_2022_SP_012_BS_230622_W_7_EX_230714,BS_230622_W_7,2023-07-14,10.0,0.02,2
EX_LY_L_2022_SP_013_BS_230622_W_1_EX_230714,BS_230622_W_1,2023-07-14,10.0,0.022,2
EX_LY_L_2022_SP_013_BS_230622_W_2_EX_230714,BS_230622_W_2,2023-07-14,10.0,0.262,2
EX_LY_L_2022_SP_013_BS_230622_W_3_EX_230714,BS_230622_W_3,2023-07-14,10.0,0.015,2
EX_LY_L_2022_SP_013_BS_230622_W_4_EX_230714,BS_230622_W_4,2023-07-14,10.0,0.034,2
EX_LY_L_2022_SP_013_BS_230622_W_5_EX_230714,BS_230622_W_5,2023-07-14,10.0,0.133,2
EX_LY_L_2022_SP_013_BS_230622_W_6_EX_230714,BS_230622_W_6,2023-07-14,10.0,0.035,2
EX_LY_L_2022_SP_013_BS_230622_W_7_EX_230714,BS_230622_W_7,2023-07-14,10.0,0.006,2
EX_LY_L_2022_SP_014_BS_230622_W_1_EX_230714,BS_230622_W_1,2023-07-14,10.0,0.04,2
EX_LY_L_2022_SP_014_BS_230622_W_2_EX_230714,BS_230622_W_2,2023-07-14,11.0,0.103,3
EX_LY_L_2022_SP_014_BS_230622_W_3_EX_230714,BS_230622_W_3,2023-07-14,11.0,0.21,3
EX_LY_L_2022_SP_014_BS_230622_W_4_EX_230714,BS_230622_W_4,2023-07-14,11.0,0.089,3
EX_LY_L_2022_SP_014_BS_230622_W_5_EX_230714,BS_230622_W_5,2023-07-14,11.0,0.0,1
EX_LY_L_2022_SP_014_BS_230622_W_6_EX_230714,BS_230622_W_6,2023-07-14,11.0,0.016,3
EX_LY_L_2022_SP_014_BS_230622_W_7_EX_230714,BS_230622_W_7,2023-07-14,11.0,0.057,3
EX_LY_L_2022_SP_015_BS_230622_W_1_EX_230717,BS_230622_W_1,2023-07-17,11.0,0.006,3
EX_LY_L_2022_SP_015_BS_230622_W_2_EX_230717,BS_230622_W_2,2023-07-17,11.0,0.04,3
EX_LY_L_2022_SP_015_BS_230622_W_3_EX_230717,BS_230622_W_3,2023-07-17,11.0,0.009,3
EX_LY_L_2022_SP_015_BS_230622_W_4_EX_230717,BS_230622_W_4,2023-07-17,11.0,0.052,3
EX_LY_L_2022_SP_015_BS_230622_W_5_EX_230717,BS_230622_W_5,2023-07-17,11.0,0.054,3
EX_LY_L_2022_SP_015_BS_230622_W_6_EX_230717,BS_230622_W_6,2023-07-17,11.0,0.061,3
EX_LY_L_2022_SP_015_BS_230622_W_7_EX_230717,BS_230622_W_7,2023-07-17,11.0,0.567,3
EX_LY_L_2022_SP_016_BS_230622_W_1_EX_230717,BS_230622_W_1,2023-07-17,11.0,0.046,3
EX_LY_L_2022_SP_016_BS_230622_W_2_EX_230717,BS_230622_W_2,2023-07-17,11.0,0.121,2
EX_LY_L_2022_SP_016_BS_230622_W_3_EX_230717,BS_230622_W_3,2023-07-17,11.0,0.273,3
EX_LY_L_2022_SP_016_BS_230622_W_4_EX_230717,BS_230622_W_4,2023-07-17,11.0,0.222,3
EX_LY_L_2022_SP_016_BS_230622_W_5_EX_230717,BS_230622_W_5,2023-07-17,11.0,0.093,3
EX_LY_L_2022_SP_016_BS_230622_W_6_EX_230717,BS_230622_W_6,2023-07-17,11.0,0.019,3
EX_LY_L_2022_SP_016_BS_230622_W_7_EX_230717,BS_230622_W_7,2023-07-17,11.0,0.042,3
EX_LY_L_2022_SP_017_BS_230622_W_1_EX_230717,BS_230622_W_1,2023-07-17,11.0,0.248,3
EX_LY_L_2022_SP_017_BS_230622_W_2_EX_230717,BS_230622_W_2,2023-07-17,11.0,0.173,3
EX_LY_L_2022_SP_017_BS_230622_W_3_EX_230717,BS_230622_W_3,2023-07-17,11.0,0.073,3
EX_LY_L_2022_SP_017_BS_230622_W_4_EX_230717,BS_230622_W_4,2023-07-17,11.0,0.063,3
EX_LY_L_2022_SP_017_BS_230622_W_5_EX_230717,BS_230622_W_5,2023-07-17,11.0,0.016,3
EX_LY_L_2022_SP_017_BS_230622_W_6_EX_230717,BS_230622_W_6,2023-07-17,11.0,0.174,3
EX_LY_L_2022_SP_017_BS_230622_W_7_EX_230717,BS_230622_W_7,2023-07-17,11.0,0.045,3
EX_LY_L_2022_SP_018_BS_230622_W_1_EX_230717,BS_230622_W_1,2023-07-17,11.0,0.021,3
EX_LY_L_2022_SP_018_BS_230622_W_2_EX_230717,BS_230622_W_2,2023-07-17,11.0,0.039,3
EX_LY_L_2022_SP_018_BS_230622_W_3_EX_230717,BS_230622_W_3,2023-07-17,11.0,0.037,3
EX_LY_L_2022_SP_018_BS_230622_W_4_EX_230720,BS_230622_W_4,2023-07-20,11.0,0.128,3
EX_LY_L_2022_SP_018_BS_230622_W_5_EX_230720,BS_230622_W_5,2023-07-20,11.0,0.028,3
EX_LY_L_2022_SP_018_BS_230622_W_6_EX_230720,BS_230622_W_6,2023-07-20,11.0,0.404,3
EX_LY_L_2022_SP_018_BS_230622_W_7_EX_230720,BS_230622_W_7,2023-07-20,11.0,0.084,3
EX_LY_L_2022_SP_019_BS_230622_W_1_EX_230720,BS_230622_W_1,2023-07-20,11.0,0.044,3
EX_LY_L_2022_SP_019_BS_230622_W_2_EX_230720,BS_230622_W_2,2023-07-20,11.0,0.068,3
EX_LY_L_2022_SP_019_BS_230622_W_3_EX_230720,BS_230622_W_3,2023-07-20,11.0,0.08,3
EX_LY_L_2022_SP_019_BS_230622_W_4_EX_230720,BS_230622_W_4,2023-07-20,11.0,0.031,3
EX_LY_L_2022_SP_019_BS_230622_W_5_EX_230720,BS_230622_W_5,2023-07-20,11.0,0.079,3
EX_LY_L_2022_SP_019_BS_230622_W_6_EX_230720,BS_230622_W_6,2023-07-20,11.0,0.076,3
EX_LY_L_2022_SP_019_BS_230622_W_7_EX_230720,BS_230622_W_7,2023-07-20,11.0,0.078,3
EX_LY_L_2022_SP_020_BS_230622_W_1_EX_230720,BS_230622_W_1,2023-07-20,11.0,0.037,3
EX_LY_L_2022_SP_020_BS_230622_W_2_EX_230720,BS_230622_W_2,2023-07-20,11.0,0.007,3
EX_LY_L_2022_SP_020_BS_230622_W_3_EX_230720,BS_230622_W_3,2023-07-20,11.0,0.093,3
EX_LY_L_2022_SP_020_BS_230622_W_4_EX_230720,BS_230622_W_4,2023-07-20,11.0,0.005,3
EX_LY_L_2022_SP_020_BS_230622_W_5_EX_230720,BS_230622_W_5,2023-07-20,11.0,0.137,3
EX_LY_L_2022_SP_020_BS_230622_W_6_EX_230720,BS_230622_W_6,2023-07-20,11.0,0.114,3
EX_LY_L_2022_SP_020_BS_230622_W_7_EX_230720,BS_230622_W_7,2023-07-20,11.0,0.146,3
EX_LY_L_2022_SP_021_BS_230622_W_1_EX_230720,BS_230622_W_1,2023-07-20,11.0,0.079,3
EX_LY_L_2022_SP_021_BS_230622_W_2_EX_230720,BS_230622_W_2,2023-07-20,11.0,0.048,3
EX_LY_L_2022_SP_021_BS_230622_W_3_EX_230720,BS_230622_W_3,2023-07-20,11.0,0.066,3
EX_LY_L_2022_SP_021_BS_230622_W_4_EX_230720,BS_230622_W_4,2023-07-20,11.0,0.021,3
EX_LY_L_2022_SP_021_BS_230622_W_5_EX_230720,BS_230622_W_5,2023-07-20,11.0,0.049,3
EX_LY_L_2022_SP_021_BS_230622_W_6_EX_230720,BS_230622_W_6,2023-07-20,11.0,0.074,3
EX_LY_L_2022_SP_021_BS_230622_W_7_EX_230724,BS_230622_W_7,2023-07-24,11.0,0.068,3
EX_LY_L_2022_SP_022_BS_230622_W_1_EX_230724,BS_230622_W_1,2023-07-24,11.0,0.016,3
EX_LY_L_2022_SP_022_BS_230622_W_2_EX_230724,BS_230622_W_2,2023-07-24,11.0,0.023,3
EX_LY_L_2022_SP_022_BS_230622_W_3_EX_230724,BS_230622_W_3,2023-07-24,11.0,0.029,3
EX_LY_L_2022_SP_022_BS_230622_W_4_EX_230724,BS_230622_W_4,2023-07-24,11.0,0.073,3
EX_LY_L_2022_SP_022_BS_230622_W_5_EX_230724,BS_230622_W_5,2023-07-24,11.0,0.069,3
EX_LY_L_2022_SP_022_BS_230622_W_6_EX_230724,BS_230622_W_6,2023-07-24,11.0,0.222,3
EX_LY_L_2022_SP_022_BS_230622_W_7_EX_230724,BS_230622_W_7,2023-07-24,11.0,0.079,3
EX_LY_L_2022_SP_023_BS_230622_W_1_EX_230724,BS_230622_W_1,2023-07-24,11.0,0.047,3
EX_LY_L_2022_SP_023_BS_230622_W_2_EX_230724,BS_230622_W_2,2023-07-24,11.0,0.023,3
EX_LY_L_2022_SP_023_BS_230622_W_3_EX_230724,BS_230622_W_3,2023-07-24,11.0,0.549,3
EX_LY_L_2022_SP_023_BS_230622_W_4_EX_230724,BS_230622_W_4,2023-07-24,11.0,0.085,3
EX_LY_L_2022_SP_023_BS_230622_W_5_EX_230724,BS_230622_W_5,2023-07-24,11.0,0.165,3
EX_LY_L_2022_SP_023_BS_230622_W_6_EX_230724,BS_230622_W_6,2023-07-24,11.0,0.044,3
EX_LY_L_2022_SP_023_BS_230622_W_7_EX_230724,BS_230622_W_7,2023-07-24,11.0,0.175,3
EX_LY_L_2022_SP_024_BS_230622_W_1_EX_230724,BS_230622_W_1,2023-07-24,11.0,0.013,3
EX_LY_L_2022_SP_024_BS_230622_W_2_EX_230724,BS_230622_W_2,2023-07-24,11.0,0.18,3
EX_LY_L_2022_SP_024_BS_230622_W_3_EX_230724,BS_230622_W_3,2023-07-24,11.0,0.156,3
EX_LY_L_2022_SP_024_BS_230622_W_4_EX_230724,BS_230622_W_4,2023-07-24,11.0,0.011,1
EX_LY_L_2022_SP_024_BS_230622_W_5_EX_230724,BS_230622_W_5,2023-07-24,11.0,0.245,3
EX_LY_L_2022_SP_024_BS_230622_W_6_EX_230724,BS_230622_W_6,2023-07-24,11.0,0.041,3
EX_LY_L_2022_SP_024_BS_230622_W_7_EX_230724,BS_230622_W_7,2023-07-24,11.0,0.037,3
EX_LY_R_2022_SP_001_BS_040722_W_0_EX_230209,BS_040722_W_0,2023-02-09,2.0,0.1010991289921194,2
EX_LY_R_2022_SP_001_BS_070622_W_0_EX_221207,BS_070622_W_0,2022-12-07,1.0,0.022,2
EX_LY_R_2022_SP_001_BS_070722_W_0_EX_230210,BS_070722_W_0,2023-02-10,2.0,0.940481128162588,2
EX_LY_R_2022_SP_001_BS_100622_W_0_EX_221215,BS_100622_W_0,2022-12-15,1.0,0.006,2
EX_LY_R_2022_SP_001_BS_140622_W_0_EX_230103,BS_140622_W_0,2023-01-03,1.0,0.016,2
EX_LY_R_2022_SP_001_BS_140722_W_0_EX_230220,BS_140722_W_0,2023-02-20,3.0,0.9294671932377192,2
EX_LY_R_2022_SP_001_BS_170622_W_0_EX_230111,BS_170622_W_0,2023-01-11,1.0,0.404,2
EX_LY_R_2022_SP_001_BS_210622_W_0_EX_230119,BS_210622_W_0,2023-01-19,2.0,0.0715470759021153,2
EX_LY_R_2022_SP_001_BS_210622_W_1_EX_230717,BS_210622_W_1,2023-07-17,12.0,0.0973101126349579,2
EX_LY_R_2022_SP_001_BS_210622_W_2_EX_230308,BS_210622_W_2,2023-03-08,12.0,0.0115908081514158,2
EX_LY_R_2022_SP_001_BS_210622_W_3_EX_230308,BS_210622_W_3,2023-03-08,12.0,0.0531856030990384,2
EX_LY_R_2022_SP_001_BS_210622_W_4_EX_230308,BS_210622_W_4,2023-03-08,12.0,0.1458398514371476,2
EX_LY_R_2022_SP_001_BS_210622_W_5_EX_230308,BS_210622_W_5,2023-03-08,12.0,0.0038126261007497,2
EX_LY_R_2022_SP_001_BS_210622_W_6_EX_230309,BS_210622_W_6,2023-03-09,12.0,0.0124680307584407,2
EX_LY_R_2022_SP_001_BS_210622_W_7_EX_230309,BS_210622_W_7,2023-03-09,12.0,0.1611519525849498,2
EX_LY_R_2022_SP_001_BS_220607_W_1_EX_221026,BS_220607_W_1,2022-10-26,,,1
EX_LY_R_2022_SP_001_BS_220610_W_1_EX_221026,BS_220610_W_1,2022-10-26,,,1
EX_LY_R_2022_SP_001_BS_220614_W_1_EX_221026,BS_220614_W_1,2022-10-26,,0.156,2
EX_LY_R_2022_SP_001_BS_220616_C_0_EX_221006,BS_220616_C_0,2022-10-06,1.0,,2
EX_LY_R_2022_SP_001_BS_220617_W_1_EX_221026,BS_220617_W_1,2022-10-26,,0.398,1
EX_LY_R_2022_SP_001_BS_220621_C_1_EX_221011,BS_220621_C_1,2022-10-11,2.0,,2
EX_LY_R_2022_SP_001_BS_220621_C_2_EX_221011,BS_220621_C_2,2022-10-11,2.0,,2
EX_LY_R_2022_SP_001_BS_220621_C_3_EX_221011,BS_220621_C_3,2022-10-11,2.0,,2
EX_LY_R_2022_SP_001_BS_220621_C_4_EX_221011,BS_220621_C_4,2022-10-11,2.0,,2
EX_LY_R_2022_SP_001_BS_220621_C_5_EX_221006,BS_220621_C_5,2022-10-06,2.0,,1
EX_LY_R_2022_SP_001_BS_220621_C_5_EX_221011,BS_220621_C_5,2022-10-11,2.0,,1
EX_LY_R_2022_SP_001_BS_220621_C_6_EX_221006,BS_220621_C_6,2022-10-06,2.0,,1
EX_LY_R_2022_SP_001_BS_220621_C_6_EX_221011,BS_220621_C_6,2022-10-11,2.0,,1
EX_LY_R_2022_SP_001_BS_220621_C_7_EX_221011,BS_220621_C_7,2022-10-11,2.0,,2
EX_LY_R_2022_SP_001_BS_220621_W_1_EX_221026,BS_220621_W_1,2022-10-26,,,2
EX_LY_R_2022_SP_001_BS_220628_C_0_EX_221006,BS_220628_C_0,2022-10-06,1.0,,2
EX_LY_R_2022_SP_001_BS_220628_W_1_EX_221026,BS_220628_W_1,2022-10-26,,2.39,2
EX_LY_R_2022_SP_001_BS_220704_C_0_EX_221006,BS_220704_C_0,2022-10-06,1.0,,2
EX_LY_R_2022_SP_001_BS_220704_W_1_EX_221026,BS_220704_W_1,2022-10-26,,13.6,3
EX_LY_R_2022_SP_001_BS_220707_W_1_EX_221026,BS_220707_W_1,2022-10-26,,4.0,4
EX_LY_R_2022_SP_001_BS_220714_C_0_EX_221006,BS_220714_C_0,2022-10-06,1.0,,2
EX_LY_R_2022_SP_001_BS_220714_W_1_EX_221026,BS_220714_W_1,2022-10-26,,7.31,4
EX_LY_R_2022_SP_001_BS_280622_W_0_EX_230208,BS_280622_W_0,2023-02-08,2.0,0.1462048942347573,2
EX_LY_R_2022_SP_002_BS_040722_W_0_EX_230209,BS_040722_W_0,2023-02-09,2.0,0.2958661689478777,2
EX_LY_R_2022_SP_002_BS_070622_W_0_EX_221207,BS_070622_W_0,2022-12-07,1.0,0.026,2
EX_LY_R_2022_SP_002_BS_070722_W_0_EX_230210,BS_070722_W_0,2023-02-10,2.0,0.4591801465505323,2
EX_LY_R_2022_SP_002_BS_100622_W_0_EX_221215,BS_100622_W_0,2022-12-15,1.0,0.018,2
EX_LY_R_2022_SP_002_BS_140622_W_0_EX_230103,BS_140622_W_0,2023-01-03,1.0,0.028,2
EX_LY_R_2022_SP_002_BS_140722_W_0_EX_230220,BS_140722_W_0,2023-02-20,3.0,0.8139333471904663,2
EX_LY_R_2022_SP_002_BS_170622_W_0_EX_230111,BS_170622_W_0,2023-01-11,1.0,0.448,2
EX_LY_R_2022_SP_002_BS_210622_W_0_EX_230119,BS_210622_W_0,2023-01-19,2.0,0.3090004147656574,2
EX_LY_R_2022_SP_002_BS_210622_W_1_EX_230309,BS_210622_W_1,2023-03-09,12.0,0.085638591507593,2
EX_LY_R_2022_SP_002_BS_210622_W_2_EX_230309,BS_210622_W_2,2023-03-09,12.0,0.1017195899525938,2
EX_LY_R_2022_SP_002_BS_210622_W_3_EX_230309,BS_210622_W_3,2023-03-09,12.0,0.4704801848582032,2
EX_LY_R_2022_SP_002_BS_210622_W_4_EX_230309,BS_210622_W_4,2023-03-09,12.0,0.2549128183038338,2
EX_LY_R_2022_SP_002_BS_210622_W_5_EX_230309,BS_210622_W_5,2023-03-09,12.0,0.243872132804281,2
EX_LY_R_2022_SP_002_BS_210622_W_6_EX_230309,BS_210622_W_6,2023-03-09,12.0,0.0833403957187288,2
EX_LY_R_2022_SP_002_BS_210622_W_7_EX_230309,BS_210622_W_7,2023-03-09,12.0,0.1770247965130295,2
EX_LY_R_2022_SP_002_BS_220607_W_1_EX_221027,BS_220607_W_1,2022-10-27,,,1
EX_LY_R_2022_SP_002_BS_220610_W_1_EX_221027,BS_220610_W_1,2022-10-27,,0.533,1
EX_LY_R_2022_SP_002_BS_220614_W_1_EX_221027,BS_220614_W_1,2022-10-27,,,1
EX_LY_R_2022_SP_002_BS_220616_C_0_EX_221006,BS_220616_C_0,2022-10-06,1.0,,2
EX_LY_R_2022_SP_002_BS_220617_W_1_EX_221027,BS_220617_W_1,2022-10-27,,,1
EX_LY_R_2022_SP_002_BS_220621_C_1_EX_221011,BS_220621_C_1,2022-10-11,2.0,,2
EX_LY_R_2022_SP_002_BS_220621_C_2_EX_221006,BS_220621_C_2,2022-10-06,2.0 | 1.0,,2
EX_LY_R_2022_SP_002_BS_220621_C_3_EX_221006,BS_220621_C_3,2022-10-06,1.0,,2
EX_LY_R_2022_SP_002_BS_220621_C_4_EX_221012,BS_220621_C_4,2022-10-12,3.0,,2
EX_LY_R_2022_SP_002_BS_220621_C_5_EX_221012,BS_220621_C_5,2022-10-12,3.0,,2
EX_LY_R_2022_SP_002_BS_220621_C_6_EX_221012,BS_220621_C_6,2022-10-12,3.0,,2
EX_LY_R_2022_SP_002_BS_220621_C_7_EX_221012,BS_220621_C_7,2022-10-12,3.0,,2
EX_LY_R_2022_SP_002_BS_220621_W_1_EX_221027,BS_220621_W_1,2022-10-27,,,2
EX_LY_R_2022_SP_002_BS_220628_C_0_EX_221006,BS_220628_C_0,2022-10-06,1.0,,2
EX_LY_R_2022_SP_002_BS_220628_W_1_EX_221027,BS_220628_W_1,2022-10-27,,1.21,1
EX_LY_R_2022_SP_002_BS_220704_C_0_EX_221006,BS_220704_C_0,2022-10-06,1.0,,2
EX_LY_R_2022_SP_002_BS_220704_W_1_EX_221027,BS_220704_W_1,2022-10-27,,9.34,4
EX_LY_R_2022_SP_002_BS_220707_W_1_EX_221027,BS_220707_W_1,2022-10-27,,11.6,4
EX_LY_R_2022_SP_002_BS_220714_C_0_EX_221006,BS_220714_C_0,2022-10-06,1.0,,2
EX_LY_R_2022_SP_002_BS_220714_W_1_EX_221027,BS_220714_W_1,2022-10-27,,12.1,4
EX_LY_R_2022_SP_002_BS_280622_W_0_EX_230208,BS_280622_W_0,2023-02-08,2.0,0.2120489423475736,2
EX_LY_R_2022_SP_003_BS_040722_W_0_EX_230209,BS_040722_W_0,2023-02-09,2.0,0.2040992672473386,2
EX_LY_R_2022_SP_003_BS_070622_W_0_EX_221207,BS_070622_W_0,2022-12-07,1.0,0.028,2
EX_LY_R_2022_SP_003_BS_070722_W_0_EX_230210,BS_070722_W_0,2023-02-10,2.0,0.3881515277201714,2
EX_LY_R_2022_SP_003_BS_100622_W_0_EX_221215,BS_100622_W_0,2022-12-15,1.0,0.014,2
EX_LY_R_2022_SP_003_BS_140622_W_0_EX_230103,BS_140622_W_0,2023-01-03,1.0,0.03,2
EX_LY_R_2022_SP_003_BS_140722_W_0_EX_230220,BS_140722_W_0,2023-02-20,3.0,0.206471281091942,2
EX_LY_R_2022_SP_003_BS_170622_W_0_EX_230111,BS_170622_W_0,2023-01-11,1.0,0.296,2
EX_LY_R_2022_SP_003_BS_210622_W_0_EX_230119,BS_210622_W_0,2023-01-19,2.0,0.1474146274021844,2
EX_LY_R_2022_SP_003_BS_210622_W_1_EX_230309,BS_210622_W_1,2023-03-09,12.0,0.0584276984843589,2
EX_LY_R_2022_SP_003_BS_210622_W_2_EX_230309,BS_210622_W_2,2023-03-09,12.0,0.067325242069897,2
EX_LY_R_2022_SP_003_BS_210622_W_3_EX_230309,BS_210622_W_3,2023-03-09,12.0,0.0317053313681847,2
EX_LY_R_2022_SP_003_BS_210622_W_4_EX_230309,BS_210622_W_4,2023-03-09,12.0,0.5639139506219253,2
EX_LY_R_2022_SP_003_BS_210622_W_5_EX_230309,BS_210622_W_5,2023-03-09,12.0,0.0210002419265252,2
EX_LY_R_2022_SP_003_BS_210622_W_6_EX_230309,BS_210622_W_6,2023-03-09,12.0,0.2932578539566669,2
EX_LY_R_2022_SP_003_BS_210622_W_7_EX_230309,BS_210622_W_7,2023-03-09,12.0,0.5153183670235667,2
EX_LY_R_2022_SP_003_BS_220607_W_1_EX_221026,BS_220607_W_1,2022-10-26,,0.476,1
EX_LY_R_2022_SP_003_BS_220610_W_1_EX_221026,BS_220610_W_1,2022-10-26,,0.124,1
EX_LY_R_2022_SP_003_BS_220614_W_1_EX_221026,BS_220614_W_1,2022-10-26,,1.71,1
EX_LY_R_2022_SP_003_BS_220617_W_1_EX_221026,BS_220617_W_1,2022-10-26,,0.0,1
EX_LY_R_2022_SP_003_BS_220621_C_0_EX_221012,BS_220621_C_0,2022-10-12,3.0,,2
EX_LY_R_2022_SP_003_BS_220621_W_1_EX_221026,BS_220621_W_1,2022-10-26,,,2
EX_LY_R_2022_SP_003_BS_220628_C_0_EX_221006,BS_220628_C_0,2022-10-06,1.0,,2
EX_LY_R_2022_SP_003_BS_220628_W_1_EX_221026,BS_220628_W_1,2022-10-26,,0.0,2
EX_LY_R_2022_SP_003_BS_220704_C_0_EX_221006,BS_220704_C_0,2022-10-06,1.0,,2
EX_LY_R_2022_SP_003_BS_220704_W_1_EX_221026,BS_220704_W_1,2022-10-26,,16.7,4
EX_LY_R_2022_SP_003_BS_220707_W_1_EX_221026,BS_220707_W_1,2022-10-26,,6.27,3
EX_LY_R_2022_SP_003_BS_220714_C_0_EX_221006,BS_220714_C_0,2022-10-06,1.0,,2
EX_LY_R_2022_SP_003_BS_220714_W_1_EX_221026,BS_220714_W_1,2022-10-26,,10.0,4
EX_LY_R_2022_SP_003_BS_280622_W_0_EX_230208,BS_280622_W_0,2023-02-08,2.0,0.5511198672749896,2
EX_LY_R_2022_SP_004_BS_040722_W_0_EX_230209,BS_040722_W_0,2023-02-09,2.0,0.2037536291995022,2
EX_LY_R_2022_SP_004_BS_070622_W_0_EX_221207,BS_070622_W_0,2022-12-07,1.0,0.1679999999999999,2
EX_LY_R_2022_SP_004_BS_070722_W_0_EX_230210,BS_070722_W_0,2023-02-10,2.0,0.3259366791096363,2
EX_LY_R_2022_SP_004_BS_100622_W_0_EX_221215,BS_100622_W_0,2022-12-15,1.0,0.0,2
EX_LY_R_2022_SP_004_BS_140622_W_0_EX_230103,BS_140622_W_0,2023-01-03,1.0,0.064,2
EX_LY_R_2022_SP_004_BS_140722_W_0_EX_230220,BS_140722_W_0,2023-02-20,3.0,1.2119794914432205,2
EX_LY_R_2022_SP_004_BS_170622_W_0_EX_230111,BS_170622_W_0,2023-01-11,1.0,0.086,2
EX_LY_R_2022_SP_004_BS_210622_W_0_EX_230119,BS_210622_W_0,2023-01-19,2.0,0.2785842665560625,2
EX_LY_R_2022_SP_004_BS_210622_W_1_EX_230309,BS_210622_W_1,2023-03-09,12.0,0.0840434482197585,2
EX_LY_R_2022_SP_004_BS_210622_W_2_EX_230309,BS_210622_W_2,2023-03-09,12.0,0.0133495014168313,2
EX_LY_R_2022_SP_004_BS_210622_W_3_EX_230309,BS_210622_W_3,2023-03-09,12.0,0.0502650677850936,2
EX_LY_R_2022_SP_004_BS_210622_W_4_EX_230309,BS_210622_W_4,2023-03-09,12.0,0.235556572255849,2
EX_LY_R_2022_SP_004_BS_210622_W_5_EX_230309,BS_210622_W_5,2023-03-09,12.0,0.0625291920779789,2
EX_LY_R_2022_SP_004_BS_210622_W_6_EX_230309,BS_210622_W_6,2023-03-09,12.0,0.0095050149308385,2
EX_LY_R_2022_SP_004_BS_210622_W_7_EX_230309,BS_210622_W_7,2023-03-09,12.0,0.4532755768269648,2
EX_LY_R_2022_SP_004_BS_220607_W_1_EX_221027,BS_220607_W_1,2022-10-27,,0.244,1
EX_LY_R_2022_SP_004_BS_220610_W_1_EX_221027,BS_220610_W_1,2022-10-27,,0.083,1
EX_LY_R_2022_SP_004_BS_220614_W_1_EX_221027,BS_220614_W_1,2022-10-27,,,1
EX_LY_R_2022_SP_004_BS_220617_W_1_EX_221027,BS_220617_W_1,2022-10-27,,,1
EX_LY_R_2022_SP_004_BS_220621_C_0_EX_221012,BS_220621_C_0,2022-10-12,3.0,,2
EX_LY_R_2022_SP_004_BS_220621_W_1_EX_221027,BS_220621_W_1,2022-10-27,,0.071,2
EX_LY_R_2022_SP_004_BS_220628_C_0_EX_221006,BS_220628_C_0,2022-10-06,1.0,,2
EX_LY_R_2022_SP_004_BS_220628_W_1_EX_221027,BS_220628_W_1,2022-10-27,,,1
EX_LY_R_2022_SP_004_BS_220704_C_0_EX_221006,BS_220704_C_0,2022-10-06,1.0,,2
EX_LY_R_2022_SP_004_BS_220704_W_1_EX_221027,BS_220704_W_1,2022-10-27,,45.6,3
EX_LY_R_2022_SP_004_BS_220707_W_1_EX_221027,BS_220707_W_1,2022-10-27,,3.93,4
EX_LY_R_2022_SP_004_BS_220714_C_0_EX_221006,BS_220714_C_0,2022-10-06,1.0,,2
EX_LY_R_2022_SP_004_BS_220714_W_1_EX_221027,BS_220714_W_1,2022-10-27,,18.2,3
EX_LY_R_2022_SP_004_BS_280622_W_0_EX_230208,BS_280622_W_0,2023-02-08,2.0,0.1227015069818885,2
EX_LY_R_2022_SP_005_BS_040722_W_0_EX_230209,BS_040722_W_0,2023-02-09,2.0,0.9501589935020048,2
EX_LY_R_2022_SP_005_BS_070622_W_0_EX_221207,BS_070622_W_0,2022-12-07,1.0,0.018,2
EX_LY_R_2022_SP_005_BS_070722_W_0_EX_230210,BS_070722_W_0,2023-02-10,2.0,0.6888566293377575,2
EX_LY_R_2022_SP_005_BS_100622_W_0_EX_221215,BS_100622_W_0,2022-12-15,1.0,0.496,2
EX_LY_R_2022_SP_005_BS_140622_W_0_EX_230103,BS_140622_W_0,2023-01-03,1.0,0.04,2
EX_LY_R_2022_SP_005_BS_140722_W_0_EX_230220,BS_140722_W_0,2023-02-20,3.0,1.923543268897665,2
EX_LY_R_2022_SP_005_BS_170622_W_0_EX_230111,BS_170622_W_0,2023-01-11,1.0,0.142,2
EX_LY_R_2022_SP_005_BS_210622_W_0_EX_230119,BS_210622_W_0,2023-01-19,2.0,-0.0019010092630996,1
EX_LY_R_2022_SP_005_BS_210622_W_1_EX_230309,BS_210622_W_1,2023-03-09,12.0,0.0593112931684324,2
EX_LY_R_2022_SP_005_BS_210622_W_2_EX_230313,BS_210622_W_2,2023-03-13,12.0,0.9895771935715938,2
EX_LY_R_2022_SP_005_BS_210622_W_3_EX_230313,BS_210622_W_3,2023-03-13,12.0,0.2135729064381555,2
EX_LY_R_2022_SP_005_BS_210622_W_4_EX_230313,BS_210622_W_4,2023-03-13,12.0,0.0207326146904837,2
EX_LY_R_2022_SP_005_BS_210622_W_5_EX_230313,BS_210622_W_5,2023-03-13,12.0,0.148945176985502,2
EX_LY_R_2022_SP_005_BS_210622_W_6_EX_230313,BS_210622_W_6,2023-03-13,12.0,0.0275528611581759,2
EX_LY_R_2022_SP_005_BS_210622_W_7_EX_230313,BS_210622_W_7,2023-03-13,12.0,0.0342881465985534,2
EX_LY_R_2022_SP_005_BS_220607_W_1_EX_221027,BS_220607_W_1,2022-10-27,,0.121,1
EX_LY_R_2022_SP_005_BS_220610_W_1_EX_221027,BS_220610_W_1,2022-10-27,,,1
EX_LY_R_2022_SP_005_BS_220614_W_1_EX_221027,BS_220614_W_1,2022-10-27,,0.057,1
EX_LY_R_2022_SP_005_BS_220617_W_1_EX_221027,BS_220617_W_1,2022-10-27,,,1
EX_LY_R_2022_SP_005_BS_220621_C_0_EX_221012,BS_220621_C_0,2022-10-12,3.0,,2
EX_LY_R_2022_SP_005_BS_220621_W_1_EX_221027,BS_220621_W_1,2022-10-27,,0.5,2
EX_LY_R_2022_SP_005_BS_220628_C_0_EX_221006,BS_220628_C_0,2022-10-06,1.0,,2
EX_LY_R_2022_SP_005_BS_220628_W_1_EX_221027,BS_220628_W_1,2022-10-27,,0.063,2
EX_LY_R_2022_SP_005_BS_220704_C_0_EX_221006,BS_220704_C_0,2022-10-06,1.0,,2
EX_LY_R_2022_SP_005_BS_220704_W_1_EX_221027,BS_220704_W_1,2022-10-27,,11.5,3
EX_LY_R_2022_SP_005_BS_220707_W_1_EX_221027,BS_220707_W_1,2022-10-27,,16.0,3
EX_LY_R_2022_SP_005_BS_220714_C_0_EX_221006,BS_220714_C_0,2022-10-06,1.0,,2
EX_LY_R_2022_SP_005_BS_220714_W_1_EX_221027,BS_220714_W_1,2022-10-27,,19.9,4
EX_LY_R_2022_SP_005_BS_280622_W_0_EX_230208,BS_280622_W_0,2023-02-08,2.0,0.0133070648416977,2
EX_LY_R_2022_SP_006_BS_040722_W_0_EX_230209,BS_040722_W_0,2023-02-09,2.0,0.1786948707313701,2
EX_LY_R_2022_SP_006_BS_070622_W_0_EX_221207,BS_070622_W_0,2022-12-07,1.0,0.016,2
EX_LY_R_2022_SP_006_BS_070722_W_0_EX_230210,BS_070722_W_0,2023-02-10,2.0,0.4168394856905848,2
EX_LY_R_2022_SP_006_BS_100622_W_0_EX_221215,BS_100622_W_0,2022-12-15,1.0,0.288,2
EX_LY_R_2022_SP_006_BS_140622_W_0_EX_230103,BS_140622_W_0,2023-01-03,1.0,0.032,2
EX_LY_R_2022_SP_006_BS_140722_W_0_EX_230220,BS_140722_W_0,2023-02-20,3.0,0.1692302362641169,2
EX_LY_R_2022_SP_006_BS_170622_W_0_EX_230111,BS_170622_W_0,2023-01-11,1.0,0.304,2
EX_LY_R_2022_SP_006_BS_210622_W_0_EX_230119,BS_210622_W_0,2023-01-19,2.0,0.3997304023226877,2
EX_LY_R_2022_SP_006_BS_210622_W_1_EX_230313,BS_210622_W_1,2023-03-13,12.0,0.0347533082231017,2
EX_LY_R_2022_SP_006_BS_210622_W_2_EX_230313,BS_210622_W_2,2023-03-13,12.0,0.0147449862904762,2
EX_LY_R_2022_SP_006_BS_210622_W_3_EX_230313,BS_210622_W_3,2023-03-13,12.0,0.6631866629878542,2
EX_LY_R_2022_SP_006_BS_210622_W_4_EX_230313,BS_210622_W_4,2023-03-13,12.0,0.0207347387161666,2
EX_LY_R_2022_SP_006_BS_210622_W_5_EX_230313,BS_210622_W_5,2023-03-13,12.0,0.0859826836682178,2
EX_LY_R_2022_SP_006_BS_210622_W_6_EX_230313,BS_210622_W_6,2023-03-13,12.0,0.0694938722921062,2
EX_LY_R_2022_SP_006_BS_210622_W_7_EX_230313,BS_210622_W_7,2023-03-13,12.0,3.6910702349448528,2
EX_LY_R_2022_SP_006_BS_220607_W_1_EX_221031,BS_220607_W_1,2022-10-31,,0.139,1
EX_LY_R_2022_SP_006_BS_220610_W_1_EX_221031,BS_220610_W_1,2022-10-31,,,1
EX_LY_R_2022_SP_006_BS_220614_W_1_EX_221031,BS_220614_W_1,2022-10-31,,0.361,1
EX_LY_R_2022_SP_006_BS_220616_C_0_EX_221006,BS_220616_C_0,2022-10-06,1.0,,2
EX_LY_R_2022_SP_006_BS_220617_W_1_EX_221031,BS_220617_W_1,2022-10-31,,0.18,1
EX_LY_R_2022_SP_006_BS_220621_C_1_EX_221012,BS_220621_C_1,2022-10-12,3.0,,2
EX_LY_R_2022_SP_006_BS_220621_C_2_EX_221012,BS_220621_C_2,2022-10-12,3.0,,2
EX_LY_R_2022_SP_006_BS_220621_C_3_EX_221012,BS_220621_C_3,2022-10-12,3.0,,2
EX_LY_R_2022_SP_006_BS_220621_C_4_EX_221012,BS_220621_C_4,2022-10-12,3.0,,2
EX_LY_R_2022_SP_006_BS_220621_C_5_EX_221012,BS_220621_C_5,2022-10-12,3.0,,2
EX_LY_R_2022_SP_006_BS_220621_C_6_EX_221012,BS_220621_C_6,2022-10-12,3.0,,2
EX_LY_R_2022_SP_006_BS_220621_C_7_EX_221012,BS_220621_C_7,2022-10-12,3.0,,2
EX_LY_R_2022_SP_006_BS_220621_W_1_EX_221031,BS_220621_W_1,2022-10-31,,,2
EX_LY_R_2022_SP_006_BS_220628_C_0_EX_221006,BS_220628_C_0,2022-10-06,1.0,,2
EX_LY_R_2022_SP_006_BS_220628_W_1_EX_221031,BS_220628_W_1,2022-10-31,,0.107,2
EX_LY_R_2022_SP_006_BS_220704_C_0_EX_221006,BS_220704_C_0,2022-10-06,1.0,,2
EX_LY_R_2022_SP_006_BS_220704_W_1_EX_221031,BS_220704_W_1,2022-10-31,,8.4,4
EX_LY_R_2022_SP_006_BS_220707_W_1_EX_221031,BS_220707_W_1,2022-10-31,,9.67,4
EX_LY_R_2022_SP_006_BS_220714_C_0_EX_221006,BS_220714_C_0,2022-10-06,1.0,,2
EX_LY_R_2022_SP_006_BS_220714_W_1_EX_221031,BS_220714_W_1,2022-10-31,,7.42,4
EX_LY_R_2022_SP_006_BS_280622_W_0_EX_230208,BS_280622_W_0,2023-02-08,2.0,0.1073206138531729,2
EX_LY_R_2022_SP_007_BS_040722_W_0_EX_230209,BS_040722_W_0,2023-02-09,2.0,1.1682566016867135,2
EX_LY_R_2022_SP_007_BS_070622_W_0_EX_221207,BS_070622_W_0,2022-12-07,1.0,0.01,2
EX_LY_R_2022_SP_007_BS_070722_W_0_EX_230210,BS_070722_W_0,2023-02-10,2.0,0.0876192451265035,2
EX_LY_R_2022_SP_007_BS_100622_W_0_EX_221215,BS_100622_W_0,2022-12-15,1.0,0.026,2
EX_LY_R_2022_SP_007_BS_140622_W_0_EX_230103,BS_140622_W_0,2023-01-03,1.0,0.094,2
EX_LY_R_2022_SP_007_BS_140722_W_0_EX_230220,BS_140722_W_0,2023-02-20,3.0,0.0455553246033395,2
EX_LY_R_2022_SP_007_BS_170622_W_0_EX_230111,BS_170622_W_0,2023-01-11,1.0,0.136,2
EX_LY_R_2022_SP_007_BS_210622_W_0_EX_230119,BS_210622_W_0,2023-01-19,2.0,0.1420572376607217,2
EX_LY_R_2022_SP_007_BS_210622_W_1_EX_230313,BS_210622_W_1,2023-03-13,12.0,0.0538759114459708,2
EX_LY_R_2022_SP_007_BS_210622_W_2_EX_230313,BS_210622_W_2,2023-03-13,12.0,0.0580113894505166,2
EX_LY_R_2022_SP_007_BS_210622_W_3_EX_230313,BS_210622_W_3,2023-03-13,12.0,0.5593536674808057,2
EX_LY_R_2022_SP_007_BS_210622_W_4_EX_230313,BS_210622_W_4,2023-03-13,12.0,0.3375267972390215,2
EX_LY_R_2022_SP_007_BS_210622_W_5_EX_230313,BS_210622_W_5,2023-03-13,12.0,0.0382706947539326,2
EX_LY_R_2022_SP_007_BS_210622_W_6_EX_230313,BS_210622_W_6,2023-03-13,12.0,0.5653731562660563,2
EX_LY_R_2022_SP_007_BS_210622_W_7_EX_230313,BS_210622_W_7,2023-03-13,12.0,0.1291535056725292,2
EX_LY_R_2022_SP_007_BS_220607_W_1_EX_221027,BS_220607_W_1,2022-10-27,,0.518,1
EX_LY_R_2022_SP_007_BS_220610_W_1_EX_221027,BS_220610_W_1,2022-10-27,,,1
EX_LY_R_2022_SP_007_BS_220614_W_1_EX_221027,BS_220614_W_1,2022-10-27,,0.226,1
EX_LY_R_2022_SP_007_BS_220617_W_1_EX_221027,BS_220617_W_1,2022-10-27,,,1
EX_LY_R_2022_SP_007_BS_220621_C_0_EX_221012,BS_220621_C_0,2022-10-12,3.0,,2
EX_LY_R_2022_SP_007_BS_220621_W_1_EX_221027,BS_220621_W_1,2022-10-27,,0.101,1
EX_LY_R_2022_SP_007_BS_220628_C_0_EX_221006,BS_220628_C_0,2022-10-06,1.0,,2
EX_LY_R_2022_SP_007_BS_220628_W_1_EX_221027,BS_220628_W_1,2022-10-27,,,2
EX_LY_R_2022_SP_007_BS_220704_C_0_EX_221006,BS_220704_C_0,2022-10-06,1.0,,2
EX_LY_R_2022_SP_007_BS_220704_W_1_EX_221027,BS_220704_W_1,2022-10-27,,19.6,4
EX_LY_R_2022_SP_007_BS_220707_W_1_EX_221027,BS_220707_W_1,2022-10-27,,13.0,4
EX_LY_R_2022_SP_007_BS_220714_C_0_EX_221006,BS_220714_C_0,2022-10-06,1.0,,2
EX_LY_R_2022_SP_007_BS_220714_W_1_EX_221027,BS_220714_W_1,2022-10-27,,10.3,4
EX_LY_R_2022_SP_007_BS_280622_W_0_EX_230208,BS_280622_W_0,2023-02-08,2.0,0.0457970413383105,2
EX_LY_R_2022_SP_008_BS_040722_W_0_EX_230209,BS_040722_W_0,2023-02-09,2.0,0.3392437439513341,2
EX_LY_R_2022_SP_008_BS_070622_W_0_EX_221207,BS_070622_W_0,2022-12-07,1.0,0.018,2
EX_LY_R_2022_SP_008_BS_070722_W_0_EX_230210,BS_070722_W_0,2023-02-10,2.0,0.120973316742707,2
EX_LY_R_2022_SP_008_BS_100622_W_0_EX_221215,BS_100622_W_0,2022-12-15,1.0,0.03,2
EX_LY_R_2022_SP_008_BS_140622_W_0_EX_230103,BS_140622_W_0,2023-01-03,1.0,0.018,2
EX_LY_R_2022_SP_008_BS_140722_W_0_EX_230220,BS_140722_W_0,2023-02-20,3.0,0.3717175916302916,2
EX_LY_R_2022_SP_008_BS_170622_W_0_EX_230111,BS_170622_W_0,2023-01-11,1.0,0.486,2
EX_LY_R_2022_SP_008_BS_210622_W_0_EX_230119,BS_210622_W_0,2023-01-19,2.0,0.0063943038849716,2
EX_LY_R_2022_SP_008_BS_210622_W_1_EX_230313,BS_210622_W_1,2023-03-13,12.0,0.291943082058971,2
EX_LY_R_2022_SP_008_BS_210622_W_2_EX_230313,BS_210622_W_2,2023-03-13,12.0,0.1028814320011231,2
EX_LY_R_2022_SP_008_BS_210622_W_3_EX_230313,BS_210622_W_3,2023-03-13,12.0,0.1252452984160503,2
EX_LY_R_2022_SP_008_BS_210622_W_4_EX_230313,BS_210622_W_4,2023-03-13,12.0,0.3633974300563652,2
EX_LY_R_2022_SP_008_BS_210622_W_5_EX_230323,BS_210622_W_5,2023-03-23,12.0,0.1102942816343358,2
EX_LY_R_2022_SP_008_BS_210622_W_6_EX_230323,BS_210622_W_6,2023-03-23,12.0,0.0351292607689695,2
EX_LY_R_2022_SP_008_BS_210622_W_7_EX_230323,BS_210622_W_7,2023-03-23,12.0,0.5918002838123118,2
EX_LY_R_2022_SP_008_BS_220607_W_1_EX_221031,BS_220607_W_1,2022-10-31,,0.243,1
EX_LY_R_2022_SP_008_BS_220610_W_1_EX_221031,BS_220610_W_1,2022-10-31,,0.052,1
EX_LY_R_2022_SP_008_BS_220614_W_1_EX_221031,BS_220614_W_1,2022-10-31,,0.654,1
EX_LY_R_2022_SP_008_BS_220617_W_1_EX_221031,BS_220617_W_1,2022-10-31,,0.584,1
EX_LY_R_2022_SP_008_BS_220621_C_0_EX_221012,BS_220621_C_0,2022-10-12,3.0,,2
EX_LY_R_2022_SP_008_BS_220621_W_1_EX_221031,BS_220621_W_1,2022-10-31,,0.181,2
EX_LY_R_2022_SP_008_BS_220628_C_0_EX_221006,BS_220628_C_0,2022-10-06,1.0,,2
EX_LY_R_2022_SP_008_BS_220628_W_1_EX_221031,BS_220628_W_1,2022-10-31,,0.05,2
EX_LY_R_2022_SP_008_BS_220704_C_0_EX_221006,BS_220704_C_0,2022-10-06,1.0,,2
EX_LY_R_2022_SP_008_BS_220704_W_1_EX_221031,BS_220704_W_1,2022-10-31,,11.8,3
EX_LY_R_2022_SP_008_BS_220707_W_1_EX_221031,BS_220707_W_1,2022-10-31,,7.28,4
EX_LY_R_2022_SP_008_BS_220714_C_0_EX_221006,BS_220714_C_0,2022-10-06,1.0,,2
EX_LY_R_2022_SP_008_BS_220714_W_1_EX_221031,BS_220714_W_1,2022-10-31,,5.41,4
EX_LY_R_2022_SP_008_BS_280622_W_0_EX_230208,BS_280622_W_0,2023-02-08,2.0,0.3753629199502281,2
EX_LY_R_2022_SP_009_BS_040722_W_0_EX_230209,BS_040722_W_0,2023-02-09,2.0,0.2635490114751831,2
EX_LY_R_2022_SP_009_BS_070622_W_0_EX_221207,BS_070622_W_0,2022-12-07,1.0,0.01,2
EX_LY_R_2022_SP_009_BS_070722_W_0_EX_230210,BS_070722_W_0,2023-02-10,2.0,0.1508710078805475,2
EX_LY_R_2022_SP_009_BS_100622_W_0_EX_221215,BS_100622_W_0,2022-12-15,1.0,0.04,2
EX_LY_R_2022_SP_009_BS_140622_W_0_EX_230103,BS_140622_W_0,2023-01-03,1.0,0.264,2
EX_LY_R_2022_SP_009_BS_140722_W_0_EX_230220,BS_140722_W_0,2023-02-20,3.0,0.1581445298967643,2
EX_LY_R_2022_SP_009_BS_170622_W_0_EX_230111,BS_170622_W_0,2023-01-11,1.0,0.952,2
EX_LY_R_2022_SP_009_BS_210622_W_0_EX_230119,BS_210622_W_0,2023-01-19,2.0,0.0796695700262685,2
EX_LY_R_2022_SP_009_BS_210622_W_1_EX_230323,BS_210622_W_1,2023-03-23,12.0,0.7830156959125887,2
EX_LY_R_2022_SP_009_BS_210622_W_2_EX_230323,BS_210622_W_2,2023-03-23,12.0,0.1368743390297578,2
EX_LY_R_2022_SP_009_BS_210622_W_3_EX_230323,BS_210622_W_3,2023-03-23,12.0,0.4875509792714209,2
EX_LY_R_2022_SP_009_BS_210622_W_4_EX_230323,BS_210622_W_4,2023-03-23,12.0,0.3057853574342279,2
EX_LY_R_2022_SP_009_BS_210622_W_5_EX_230323,BS_210622_W_5,2023-03-23,12.0,0.2126149708551815,2
EX_LY_R_2022_SP_009_BS_210622_W_6_EX_230323,BS_210622_W_6,2023-03-23,12.0,0.0659701136842266,2
EX_LY_R_2022_SP_009_BS_210622_W_7_EX_230323,BS_210622_W_7,2023-03-23,12.0,0.0455645989489046,2
EX_LY_R_2022_SP_009_BS_220607_W_1_EX_221121,BS_220607_W_1,2022-11-21,,0.408,1
EX_LY_R_2022_SP_009_BS_220610_W_1_EX_221121,BS_220610_W_1,2022-11-21,,0.358,1
EX_LY_R_2022_SP_009_BS_220614_W_1_EX_221121,BS_220614_W_1,2022-11-21,,0.4,1
EX_LY_R_2022_SP_009_BS_220617_W_1_EX_221121,BS_220617_W_1,2022-11-21,,,1
EX_LY_R_2022_SP_009_BS_220621_C_0_EX_221012,BS_220621_C_0,2022-10-12,3.0,,2
EX_LY_R_2022_SP_009_BS_220621_W_1_EX_221121,BS_220621_W_1,2022-11-21,,,2
EX_LY_R_2022_SP_009_BS_220628_C_0_EX_221006,BS_220628_C_0,2022-10-06,1.0,,2
EX_LY_R_2022_SP_009_BS_220628_W_1_EX_221121,BS_220628_W_1,2022-11-21,,0.629,2
EX_LY_R_2022_SP_009_BS_220704_C_0_EX_221006,BS_220704_C_0,2022-10-06,1.0,,2
EX_LY_R_2022_SP_009_BS_220704_W_1_EX_221121,BS_220704_W_1,2022-11-21,,7.49,4
EX_LY_R_2022_SP_009_BS_220707_W_1_EX_221121,BS_220707_W_1,2022-11-21,,7.4,4
EX_LY_R_2022_SP_009_BS_220714_C_0_EX_221006,BS_220714_C_0,2022-10-06,1.0,,2
EX_LY_R_2022_SP_009_BS_280622_W_0_EX_230208,BS_280622_W_0,2023-02-08,2.0,0.6981888566293377,2
EX_LY_R_2022_SP_010_BS_040722_W_0_EX_230209,BS_040722_W_0,2023-02-09,2.0,0.4000760403705239,2
EX_LY_R_2022_SP_010_BS_070622_W_0_EX_221207,BS_070622_W_0,2022-12-07,1.0,0.012,2
EX_LY_R_2022_SP_010_BS_070722_W_0_EX_230210,BS_070722_W_0,2023-02-10,2.0,0.1195907645513618,2
EX_LY_R_2022_SP_010_BS_100622_W_0_EX_221215,BS_100622_W_0,2022-12-15,1.0,0.048,2
EX_LY_R_2022_SP_010_BS_140622_W_0_EX_230103,BS_140622_W_0,2023-01-03,1.0,0.0839999999999999,2
EX_LY_R_2022_SP_010_BS_140722_W_0_EX_230220,BS_140722_W_0,2023-02-20,3.0,0.2087230651978106,2
EX_LY_R_2022_SP_010_BS_170622_W_0_EX_230111,BS_170622_W_0,2023-01-11,1.0,0.198,2
EX_LY_R_2022_SP_010_BS_210622_W_0_EX_230119,BS_210622_W_0,2023-01-19,2.0,0.3783008433568367,2
EX_LY_R_2022_SP_010_BS_210622_W_1_EX_230323,BS_210622_W_1,2023-03-23,12.0,0.2699126876762543,2
EX_LY_R_2022_SP_010_BS_210622_W_2_EX_230323,BS_210622_W_2,2023-03-23,12.0,0.254698291709864,2
EX_LY_R_2022_SP_010_BS_210622_W_3_EX_230323,BS_210622_W_3,2023-03-23,12.0,0.1772945477747538,2
EX_LY_R_2022_SP_010_BS_210622_W_4_EX_230323,BS_210622_W_4,2023-03-23,12.0,0.3017985612274829,2
EX_LY_R_2022_SP_010_BS_210622_W_5_EX_230323,BS_210622_W_5,2023-03-23,12.0,0.2317673104376109,2
EX_LY_R_2022_SP_010_BS_210622_W_6_EX_230323,BS_210622_W_6,2023-03-23,12.0,0.1198651413613432,2
EX_LY_R_2022_SP_010_BS_210622_W_7_EX_230323,BS_210622_W_7,2023-03-23,12.0,0.5842026439446896,2
EX_LY_R_2022_SP_010_BS_220607_W_1_EX_221027,BS_220607_W_1,2022-10-27,,0.377,1
EX_LY_R_2022_SP_010_BS_220610_W_1_EX_221027,BS_220610_W_1,2022-10-27,,0.137,1
EX_LY_R_2022_SP_010_BS_220614_W_1_EX_221027,BS_220614_W_1,2022-10-27,,,1
EX_LY_R_2022_SP_010_BS_220616_C_0_EX_221006,BS_220616_C_0,2022-10-06,1.0,,2
EX_LY_R_2022_SP_010_BS_220617_W_1_EX_221027,BS_220617_W_1,2022-10-27,,,1
EX_LY_R_2022_SP_010_BS_220621_C_1_EX_221012,BS_220621_C_1,2022-10-12,3.0,,2
EX_LY_R_2022_SP_010_BS_220621_C_2_EX_221012,BS_220621_C_2,2022-10-12,3.0,,2
EX_LY_R_2022_SP_010_BS_220621_C_3_EX_221012,BS_220621_C_3,2022-10-12,3.0,,2
EX_LY_R_2022_SP_010_BS_220621_C_4_EX_221012,BS_220621_C_4,2022-10-12,3.0,,2
EX_LY_R_2022_SP_010_BS_220621_C_5_EX_221012,BS_220621_C_5,2022-10-12,3.0,,2
EX_LY_R_2022_SP_010_BS_220621_C_6_EX_221012,BS_220621_C_6,2022-10-12,3.0,,2
EX_LY_R_2022_SP_010_BS_220621_C_7_EX_221012,BS_220621_C_7,2022-10-12,3.0,,2
EX_LY_R_2022_SP_010_BS_220621_W_1_EX_221027,BS_220621_W_1,2022-10-27,,,2
EX_LY_R_2022_SP_010_BS_220628_C_0_EX_221006,BS_220628_C_0,2022-10-06,1.0,,2
EX_LY_R_2022_SP_010_BS_220628_W_1_EX_221027,BS_220628_W_1,2022-10-27,,,2
EX_LY_R_2022_SP_010_BS_220704_C_0_EX_221006,BS_220704_C_0,2022-10-06,1.0,,2
EX_LY_R_2022_SP_010_BS_220704_W_1_EX_221027,BS_220704_W_1,2022-10-27,,5.47,4
EX_LY_R_2022_SP_010_BS_220707_W_1_EX_221027,BS_220707_W_1,2022-10-27,,9.8,4
EX_LY_R_2022_SP_010_BS_220714_C_0_EX_221006,BS_220714_C_0,2022-10-06,1.0,,2
EX_LY_R_2022_SP_010_BS_220714_W_1_EX_221027,BS_220714_W_1,2022-10-27,,6.81,4
EX_LY_R_2022_SP_010_BS_280622_W_0_EX_230208,BS_280622_W_0,2023-02-08,2.0,0.3219618415595188,2
EX_LY_R_2022_SP_011_BS_040722_W_0_EX_230209,BS_040722_W_0,2023-02-09,2.0,1.209214710355316,2
EX_LY_R_2022_SP_011_BS_070622_W_0_EX_221207,BS_070622_W_0,2022-12-07,1.0,0.02,2
EX_LY_R_2022_SP_011_BS_070722_W_0_EX_230210,BS_070722_W_0,2023-02-10,2.0,0.2307133969307341,2
EX_LY_R_2022_SP_011_BS_100622_W_0_EX_221215,BS_100622_W_0,2022-12-15,1.0,0.016,2
EX_LY_R_2022_SP_011_BS_140622_W_0_EX_230103,BS_140622_W_0,2023-01-03,1.0,0.1699999999999999,2
EX_LY_R_2022_SP_011_BS_140722_W_0_EX_230220,BS_140722_W_0,2023-02-20,3.0,0.6261691955934318,2
EX_LY_R_2022_SP_011_BS_170622_W_0_EX_230111,BS_170622_W_0,2023-01-11,1.0,0.344,2
EX_LY_R_2022_SP_011_BS_210622_W_0_EX_230119,BS_210622_W_0,2023-01-19,2.0,0.1845707175445873,2
EX_LY_R_2022_SP_011_BS_210622_W_1_EX_230323,BS_210622_W_1,2023-03-23,12.0,0.0494494419228719,2
EX_LY_R_2022_SP_011_BS_210622_W_2_EX_230323,BS_210622_W_2,2023-03-23,12.0,0.1782843437429708,2
EX_LY_R_2022_SP_011_BS_210622_W_3_EX_230323,BS_210622_W_3,2023-03-23,12.0,0.149917980748256,2
EX_LY_R_2022_SP_011_BS_210622_W_4_EX_230323,BS_210622_W_4,2023-03-23,12.0,0.086692108246296,2
EX_LY_R_2022_SP_011_BS_210622_W_5_EX_230323,BS_210622_W_5,2023-03-23,12.0,0.1068533600280881,2
EX_LY_R_2022_SP_011_BS_210622_W_6_EX_230323,BS_210622_W_6,2023-03-23,12.0,0.7777736005272682,2
EX_LY_R_2022_SP_011_BS_210622_W_7_EX_230323,BS_210622_W_7,2023-03-23,12.0,0.0425930870185709,2
EX_LY_R_2022_SP_011_BS_220607_W_1_EX_221121,BS_220607_W_1,2022-11-21,,0.262,1
EX_LY_R_2022_SP_011_BS_220610_W_1_EX_221121,BS_220610_W_1,2022-11-21,,0.116,1
EX_LY_R_2022_SP_011_BS_220614_W_1_EX_221121,BS_220614_W_1,2022-11-21,,0.071,1
EX_LY_R_2022_SP_011_BS_220616_C_0_EX_221006,BS_220616_C_0,2022-10-06,1.0,,2
EX_LY_R_2022_SP_011_BS_220617_W_1_EX_221121,BS_220617_W_1,2022-11-21,,,1
EX_LY_R_2022_SP_011_BS_220621_C_1_EX_221012,BS_220621_C_1,2022-10-12,3.0,,2
EX_LY_R_2022_SP_011_BS_220621_C_2_EX_221012,BS_220621_C_2,2022-10-12,3.0,,2
EX_LY_R_2022_SP_011_BS_220621_C_3_EX_221012,BS_220621_C_3,2022-10-12,3.0,,2
EX_LY_R_2022_SP_011_BS_220621_C_4_EX_221012,BS_220621_C_4,2022-10-12,3.0,,2
EX_LY_R_2022_SP_011_BS_220621_C_5_EX_221012,BS_220621_C_5,2022-10-12,3.0,,2
EX_LY_R_2022_SP_011_BS_220621_C_6_EX_221012,BS_220621_C_6,2022-10-12,3.0,,2
EX_LY_R_2022_SP_011_BS_220621_C_7_EX_221012,BS_220621_C_7,2022-10-12,3.0,,2
EX_LY_R_2022_SP_011_BS_220621_W_1_EX_221121,BS_220621_W_1,2022-11-21,,,2
EX_LY_R_2022_SP_011_BS_220628_C_0_EX_221006,BS_220628_C_0,2022-10-06,1.0,,2
EX_LY_R_2022_SP_011_BS_220628_W_1_EX_221121,BS_220628_W_1,2022-11-21,,,2
EX_LY_R_2022_SP_011_BS_220704_C_0_EX_221006,BS_220704_C_0,2022-10-06,1.0,,2
EX_LY_R_2022_SP_011_BS_220704_W_1_EX_221121,BS_220704_W_1,2022-11-21,,3.0,4
EX_LY_R_2022_SP_011_BS_220707_W_1_EX_221121,BS_220707_W_1,2022-11-21,,14.2,4
EX_LY_R_2022_SP_011_BS_220714_C_0_EX_221006,BS_220714_C_0,2022-10-06,1.0,,2
EX_LY_R_2022_SP_011_BS_220714_W_1_EX_221121,BS_220714_W_1,2022-11-21,,6.59,4
EX_LY_R_2022_SP_011_BS_280622_W_0_EX_230208,BS_280622_W_0,2023-02-08,2.0,0.4574519563113507,2
EX_LY_R_2022_SP_012_BS_040722_W_0_EX_230209,BS_040722_W_0,2023-02-09,2.0,0.734653670676068,2
EX_LY_R_2022_SP_012_BS_070622_W_0_EX_221207,BS_070622_W_0,2022-12-07,1.0,0.122,2
EX_LY_R_2022_SP_012_BS_070722_W_0_EX_230210,BS_070722_W_0,2023-02-10,2.0,0.5666735794276234,2
EX_LY_R_2022_SP_012_BS_100622_W_0_EX_221215,BS_100622_W_0,2022-12-15,1.0,0.02,2
EX_LY_R_2022_SP_012_BS_140622_W_0_EX_230103,BS_140622_W_0,2023-01-03,1.0,0.054,2
EX_LY_R_2022_SP_012_BS_140722_W_0_EX_230220,BS_140722_W_0,2023-02-20,3.0,0.4988567865308667,2
EX_LY_R_2022_SP_012_BS_170622_W_0_EX_230111,BS_170622_W_0,2023-01-11,1.0,0.8619999999999999,2
EX_LY_R_2022_SP_012_BS_210622_W_0_EX_230119,BS_210622_W_0,2023-01-19,2.0,0.1081847089727637,2
EX_LY_R_2022_SP_012_BS_210622_W_1_EX_230323,BS_210622_W_1,2023-03-23,12.0,0.0392647387735153,2
EX_LY_R_2022_SP_012_BS_210622_W_2_EX_230323,BS_210622_W_2,2023-03-23,12.0,0.1229067461392116,2
EX_LY_R_2022_SP_012_BS_210622_W_3_EX_230323,BS_210622_W_3,2023-03-23,12.0,0.015282364788242,2
EX_LY_R_2022_SP_012_BS_210622_W_4_EX_230323,BS_210622_W_4,2023-03-23,12.0,0.107405606705634,2
EX_LY_R_2022_SP_012_BS_210622_W_5_EX_230323,BS_210622_W_5,2023-03-23,12.0,0.1609204337855171,2
EX_LY_R_2022_SP_012_BS_210622_W_6_EX_230323,BS_210622_W_6,2023-03-23,12.0,0.2081715091266197,2
EX_LY_R_2022_SP_012_BS_210622_W_7_EX_230323,BS_210622_W_7,2023-03-23,12.0,0.171506577788936,2
EX_LY_R_2022_SP_012_BS_220607_W_1_EX_221027,BS_220607_W_1,2022-10-27,,0.898,1
EX_LY_R_2022_SP_012_BS_220610_W_1_EX_221027,BS_220610_W_1,2022-10-27,,0.305,1
EX_LY_R_2022_SP_012_BS_220614_W_1_EX_221027,BS_220614_W_1,2022-10-27,,0.419,1
EX_LY_R_2022_SP_012_BS_220616_C_0_EX_221006,BS_220616_C_0,2022-10-06,1.0,,2
EX_LY_R_2022_SP_012_BS_220617_W_1_EX_221027,BS_220617_W_1,2022-10-27,,0.073,1
EX_LY_R_2022_SP_012_BS_220621_C_1_EX_221012,BS_220621_C_1,2022-10-12,3.0,,2
EX_LY_R_2022_SP_012_BS_220621_C_2_EX_221012,BS_220621_C_2,2022-10-12,3.0,,2
EX_LY_R_2022_SP_012_BS_220621_C_3_EX_221012,BS_220621_C_3,2022-10-12,3.0,,2
EX_LY_R_2022_SP_012_BS_220621_C_4_EX_221012,BS_220621_C_4,2022-10-12,3.0,,2
EX_LY_R_2022_SP_012_BS_220621_C_5_EX_221012,BS_220621_C_5,2022-10-12,3.0,,2
EX_LY_R_2022_SP_012_BS_220621_C_6_EX_221012,BS_220621_C_6,2022-10-12,3.0,,2
EX_LY_R_2022_SP_012_BS_220621_C_7_EX_221012,BS_220621_C_7,2022-10-12,3.0,,2
EX_LY_R_2022_SP_012_BS_220621_W_1_EX_221027,BS_220621_W_1,2022-10-27,,0.296,2
EX_LY_R_2022_SP_012_BS_220628_C_0_EX_221006,BS_220628_C_0,2022-10-06,1.0,,2
EX_LY_R_2022_SP_012_BS_220628_W_1_EX_221027,BS_220628_W_1,2022-10-27,,,2
EX_LY_R_2022_SP_012_BS_220704_C_0_EX_221006,BS_220704_C_0,2022-10-06,1.0,,2
EX_LY_R_2022_SP_012_BS_220704_W_1_EX_221027,BS_220704_W_1,2022-10-27,,0.74,3
EX_LY_R_2022_SP_012_BS_220707_W_1_EX_221027,BS_220707_W_1,2022-10-27,,6.9,4
EX_LY_R_2022_SP_012_BS_220714_C_0_EX_221006,BS_220714_C_0,2022-10-06,1.0,,2
EX_LY_R_2022_SP_012_BS_220714_W_1_EX_221027,BS_220714_W_1,2022-10-27,,10.1,4
EX_LY_R_2022_SP_012_BS_280622_W_0_EX_230208,BS_280622_W_0,2023-02-08,2.0,0.0917669017005392,2
EX_LY_R_2022_SP_013_BS_040722_W_0_EX_230209,BS_040722_W_0,2023-02-09,2.0,0.4152841144753214,2
EX_LY_R_2022_SP_013_BS_070622_W_0_EX_221207,BS_070622_W_0,2022-12-07,1.0,0.03,2
EX_LY_R_2022_SP_013_BS_070722_W_0_EX_230210,BS_070722_W_0,2023-02-10,2.0,0.0160721692243882,2
EX_LY_R_2022_SP_013_BS_100622_W_0_EX_221215,BS_100622_W_0,2022-12-15,1.0,0.012,2
EX_LY_R_2022_SP_013_BS_140622_W_0_EX_230103,BS_140622_W_0,2023-01-03,1.0,0.06,2
EX_LY_R_2022_SP_013_BS_140722_W_0_EX_230220,BS_140722_W_0,2023-02-20,3.0,0.8198226286981224,2
EX_LY_R_2022_SP_013_BS_170622_W_0_EX_230111,BS_170622_W_0,2023-01-11,1.0,1.332,2
EX_LY_R_2022_SP_013_BS_210622_W_0_EX_230119,BS_210622_W_0,2023-01-19,2.0,0.1835338034010784,2
EX_LY_R_2022_SP_013_BS_210622_W_1_EX_230323,BS_210622_W_1,2023-03-23,12.0,0.072040579085866,2
EX_LY_R_2022_SP_013_BS_210622_W_2_EX_230323,BS_210622_W_2,2023-03-23,12.0,0.4580716268188828,2
EX_LY_R_2022_SP_013_BS_210622_W_3_EX_230323,BS_210622_W_3,2023-03-23,12.0,0.0931385261938033,2
EX_LY_R_2022_SP_013_BS_210622_W_4_EX_230323,BS_210622_W_4,2023-03-23,12.0,0.0097046733450282,2
EX_LY_R_2022_SP_013_BS_210622_W_5_EX_230323,BS_210622_W_5,2023-03-23,12.0,0.1938088474590599,2
EX_LY_R_2022_SP_013_BS_210622_W_6_EX_230323,BS_210622_W_6,2023-03-23,12.0,0.3347570677485604,2
EX_LY_R_2022_SP_013_BS_210622_W_7_EX_230323,BS_210622_W_7,2023-03-23,12.0,0.0139909571730577,2
EX_LY_R_2022_SP_013_BS_220607_W_1_EX_221125,BS_220607_W_1,2022-11-25,,0.556,1
EX_LY_R_2022_SP_013_BS_220610_W_1_EX_221125,BS_220610_W_1,2022-11-25,,,1
EX_LY_R_2022_SP_013_BS_220614_W_1_EX_221125,BS_220614_W_1,2022-11-25,,,1
EX_LY_R_2022_SP_013_BS_220616_C_0_EX_221006,BS_220616_C_0,2022-10-06,1.0,,2
EX_LY_R_2022_SP_013_BS_220617_W_1_EX_221125,BS_220617_W_1,2022-11-25,,0.58,1
EX_LY_R_2022_SP_013_BS_220621_C_1_EX_221012,BS_220621_C_1,2022-10-12,3.0,,2
EX_LY_R_2022_SP_013_BS_220621_C_2_EX_221012,BS_220621_C_2,2022-10-12,3.0,,2
EX_LY_R_2022_SP_013_BS_220621_C_3_EX_221012,BS_220621_C_3,2022-10-12,3.0,,2
EX_LY_R_2022_SP_013_BS_220621_C_4_EX_221012,BS_220621_C_4,2022-10-12,3.0,,2
EX_LY_R_2022_SP_013_BS_220621_C_5_EX_221012,BS_220621_C_5,2022-10-12,3.0,,2
EX_LY_R_2022_SP_013_BS_220621_C_6_EX_221012,BS_220621_C_6,2022-10-12,3.0,,2
EX_LY_R_2022_SP_013_BS_220621_C_7_EX_221012,BS_220621_C_7,2022-10-12,3.0,,2
EX_LY_R_2022_SP_013_BS_220621_W_1_EX_221125,BS_220621_W_1,2022-11-25,,,2
EX_LY_R_2022_SP_013_BS_220628_C_0_EX_221006,BS_220628_C_0,2022-10-06,1.0,,2
EX_LY_R_2022_SP_013_BS_220628_W_1_EX_221125,BS_220628_W_1,2022-11-25,,,2
EX_LY_R_2022_SP_013_BS_220704_C_0_EX_221006,BS_220704_C_0,2022-10-06,1.0,,2
EX_LY_R_2022_SP_013_BS_220704_W_1_EX_221125,BS_220704_W_1,2022-11-25,,0.825,4
EX_LY_R_2022_SP_013_BS_220707_W_1_EX_221125,BS_220707_W_1,2022-11-25,,12.7,4
EX_LY_R_2022_SP_013_BS_220714_C_0_EX_221006,BS_220714_C_0,2022-10-06,1.0,,2
EX_LY_R_2022_SP_013_BS_220714_W_1_EX_221125,BS_220714_W_1,2022-11-25,,9.52,4
EX_LY_R_2022_SP_013_BS_280622_W_0_EX_230208,BS_280622_W_0,2023-02-08,2.0,1.1202129130374672,2
EX_LY_R_2022_SP_014_BS_040722_W_0_EX_230209,BS_040722_W_0,2023-02-09,2.0,1.5403359601824969,2
EX_LY_R_2022_SP_014_BS_070622_W_0_EX_221207,BS_070622_W_0,2022-12-07,1.0,0.064,2
EX_LY_R_2022_SP_014_BS_070722_W_0_EX_230210,BS_070722_W_0,2023-02-10,2.0,0.9842043412138808,2
EX_LY_R_2022_SP_014_BS_100622_W_0_EX_221215,BS_100622_W_0,2022-12-15,1.0,0.066,2
EX_LY_R_2022_SP_014_BS_140622_W_0_EX_230103,BS_140622_W_0,2023-01-03,1.0,0.936,2
EX_LY_R_2022_SP_014_BS_140722_W_0_EX_230220,BS_140722_W_0,2023-02-20,3.0,0.6705120210628421,2
EX_LY_R_2022_SP_014_BS_170622_W_0_EX_230111,BS_170622_W_0,2023-01-11,1.0,0.12,2
EX_LY_R_2022_SP_014_BS_210622_W_0_EX_230119,BS_210622_W_0,2023-01-19,2.0,0.0760403705239872,2
EX_LY_R_2022_SP_014_BS_210622_W_1_EX_230323,BS_210622_W_1,2023-03-23,12.0,3.158237152140349,2
EX_LY_R_2022_SP_014_BS_210622_W_2_EX_230323,BS_210622_W_2,2023-03-23,13.0,0.3278253988009952,2
EX_LY_R_2022_SP_014_BS_210622_W_3_EX_230323,BS_210622_W_3,2023-03-23,13.0,0.0587778272891047,2
EX_LY_R_2022_SP_014_BS_210622_W_4_EX_230323,BS_210622_W_4,2023-03-23,13.0,0.5094729705677581,2
EX_LY_R_2022_SP_014_BS_210622_W_5_EX_230323,BS_210622_W_5,2023-03-23,13.0,0.0111570400646696,2
EX_LY_R_2022_SP_014_BS_210622_W_6_EX_230323,BS_210622_W_6,2023-03-23,13.0,0.0048128408122104,2
EX_LY_R_2022_SP_014_BS_210622_W_7_EX_230323,BS_210622_W_7,2023-03-23,13.0,0.073209977915305,2
EX_LY_R_2022_SP_014_BS_220607_W_1_EX_221125,BS_220607_W_1,2022-11-25,,1.09,1
EX_LY_R_2022_SP_014_BS_220610_W_1_EX_221125,BS_220610_W_1,2022-11-25,,,1
EX_LY_R_2022_SP_014_BS_220614_W_1_EX_221125,BS_220614_W_1,2022-11-25,,0.225,1
EX_LY_R_2022_SP_014_BS_220616_C_0_EX_221006,BS_220616_C_0,2022-10-06,1.0,,2
EX_LY_R_2022_SP_014_BS_220617_W_1_EX_221125,BS_220617_W_1,2022-11-25,,,1
EX_LY_R_2022_SP_014_BS_220621_C_1_EX_221012,BS_220621_C_1,2022-10-12,3.0,,2
EX_LY_R_2022_SP_014_BS_220621_C_2_EX_221012,BS_220621_C_2,2022-10-12,3.0,,2
EX_LY_R_2022_SP_014_BS_220621_C_3_EX_221012,BS_220621_C_3,2022-10-12,3.0,,2
EX_LY_R_2022_SP_014_BS_220621_C_4_EX_221012,BS_220621_C_4,2022-10-12,3.0,,2
EX_LY_R_2022_SP_014_BS_220621_C_5_EX_221012,BS_220621_C_5,2022-10-12,3.0,,2
EX_LY_R_2022_SP_014_BS_220621_C_6_EX_221012,BS_220621_C_6,2022-10-12,3.0,,2
EX_LY_R_2022_SP_014_BS_220621_C_7_EX_221012,BS_220621_C_7,2022-10-12,3.0,,2
EX_LY_R_2022_SP_014_BS_220621_W_1_EX_221125,BS_220621_W_1,2022-11-25,,,2
EX_LY_R_2022_SP_014_BS_220628_C_0_EX_221006,BS_220628_C_0,2022-10-06,1.0,,2
EX_LY_R_2022_SP_014_BS_220628_W_1_EX_221125,BS_220628_W_1,2022-11-25,,0.362,2
EX_LY_R_2022_SP_014_BS_220704_C_0_EX_221006,BS_220704_C_0,2022-10-06,1.0,,2
EX_LY_R_2022_SP_014_BS_220704_W_1_EX_221125,BS_220704_W_1,2022-11-25,,5.21,4
EX_LY_R_2022_SP_014_BS_220707_W_1_EX_221125,BS_220707_W_1,2022-11-25,,9.14,4
EX_LY_R_2022_SP_014_BS_220714_C_0_EX_221006,BS_220714_C_0,2022-10-06,1.0,,2
EX_LY_R_2022_SP_014_BS_220714_W_1_EX_221125,BS_220714_W_1,2022-11-25,,15.3,4
EX_LY_R_2022_SP_014_BS_280622_W_0_EX_230208,BS_280622_W_0,2023-02-08,2.0,0.0945320060832296,2
EX_LY_R_2022_SP_015_BS_040722_W_0_EX_230209,BS_040722_W_0,2023-02-09,2.0,1.3058205447255633,2
EX_LY_R_2022_SP_015_BS_070622_W_0_EX_221207,BS_070622_W_0,2022-12-07,1.0,0.012,2
EX_LY_R_2022_SP_015_BS_070722_W_0_EX_230210,BS_070722_W_0,2023-02-10,2.0,1.403636112263238,2
EX_LY_R_2022_SP_015_BS_100622_W_0_EX_221215,BS_100622_W_0,2022-12-15,1.0,0.016,2
EX_LY_R_2022_SP_015_BS_140622_W_0_EX_230103,BS_140622_W_0,2023-01-03,1.0,0.02,2
EX_LY_R_2022_SP_015_BS_140722_W_0_EX_230220,BS_140722_W_0,2023-02-20,3.0,1.7115291346220467,2
EX_LY_R_2022_SP_015_BS_170622_W_0_EX_230111,BS_170622_W_0,2023-01-11,1.0,0.274,2
EX_LY_R_2022_SP_015_BS_210622_W_0_EX_230119,BS_210622_W_0,2023-01-19,2.0,1.3103138393474354,2
EX_LY_R_2022_SP_015_BS_210622_W_1_EX_230323,BS_210622_W_1,2023-03-23,13.0,0.0587226049320361,2
EX_LY_R_2022_SP_015_BS_210622_W_2_EX_230323,BS_210622_W_2,2023-03-23,13.0,0.0741615016063334,2
EX_LY_R_2022_SP_015_BS_210622_W_3_EX_230323,BS_210622_W_3,2023-03-23,13.0,0.0585887969129852,2
EX_LY_R_2022_SP_015_BS_210622_W_4_EX_230323,BS_210622_W_4,2023-03-23,13.0,0.3205742785305245,2
EX_LY_R_2022_SP_015_BS_210622_W_5_EX_230323,BS_210622_W_5,2023-03-23,13.0,0.7166502627947016,2
EX_LY_R_2022_SP_015_BS_210622_W_6_EX_230323,BS_210622_W_6,2023-03-23,13.0,0.7778430062371529,2
EX_LY_R_2022_SP_015_BS_210622_W_7_EX_230323,BS_210622_W_7,2023-03-23,13.0,1.7410058709861311,2
EX_LY_R_2022_SP_015_BS_220607_W_1_EX_221125,BS_220607_W_1,2022-11-25,,0.413,1
EX_LY_R_2022_SP_015_BS_220610_W_1_EX_221125,BS_220610_W_1,2022-11-25,,,1
EX_LY_R_2022_SP_015_BS_220614_W_1_EX_221125,BS_220614_W_1,2022-11-25,,0.803,1
EX_LY_R_2022_SP_015_BS_220616_C_0_EX_221006,BS_220616_C_0,2022-10-06,1.0,,2
EX_LY_R_2022_SP_015_BS_220617_W_1_EX_221125,BS_220617_W_1,2022-11-25,,,1
EX_LY_R_2022_SP_015_BS_220621_C_1_EX_221012,BS_220621_C_1,2022-10-12,3.0,,2
EX_LY_R_2022_SP_015_BS_220621_C_2_EX_221012,BS_220621_C_2,2022-10-12,3.0,,2
EX_LY_R_2022_SP_015_BS_220621_C_3_EX_221012,BS_220621_C_3,2022-10-12,3.0,,2
EX_LY_R_2022_SP_015_BS_220621_C_4_EX_221012,BS_220621_C_4,2022-10-12,3.0,,2
EX_LY_R_2022_SP_015_BS_220621_C_5_EX_221012,BS_220621_C_5,2022-10-12,3.0,,2
EX_LY_R_2022_SP_015_BS_220621_C_6_EX_221012,BS_220621_C_6,2022-10-12,3.0,,2
EX_LY_R_2022_SP_015_BS_220621_C_7_EX_221012,BS_220621_C_7,2022-10-12,3.0,,2
EX_LY_R_2022_SP_015_BS_220621_W_1_EX_221125,BS_220621_W_1,2022-11-25,,,2
EX_LY_R_2022_SP_015_BS_220628_C_0_EX_221006,BS_220628_C_0,2022-10-06,1.0,,2
EX_LY_R_2022_SP_015_BS_220628_W_1_EX_221125,BS_220628_W_1,2022-11-25,,0.562,2
EX_LY_R_2022_SP_015_BS_220704_C_0_EX_221006,BS_220704_C_0,2022-10-06,1.0,,2
EX_LY_R_2022_SP_015_BS_220704_W_1_EX_221125,BS_220704_W_1,2022-11-25,,1.72,4
EX_LY_R_2022_SP_015_BS_220707_W_1_EX_221125,BS_220707_W_1,2022-11-25,,10.0,4
EX_LY_R_2022_SP_015_BS_220714_C_0_EX_221006,BS_220714_C_0,2022-10-06,1.0,,2
EX_LY_R_2022_SP_015_BS_220714_W_1_EX_221125,BS_220714_W_1,2022-11-25,,5.56,3
EX_LY_R_2022_SP_015_BS_280622_W_0_EX_230208,BS_280622_W_0,2023-02-08,2.0,0.557168533112125,2
EX_LY_R_2022_SP_016_BS_040722_W_0_EX_230209,BS_040722_W_0,2023-02-09,2.0,0.0934950919397207,2
EX_LY_R_2022_SP_016_BS_070622_W_0_EX_221207,BS_070622_W_0,2022-12-07,1.0,0.024,2
EX_LY_R_2022_SP_016_BS_070722_W_0_EX_230210,BS_070722_W_0,2023-02-10,2.0,0.2834231992257707,2
EX_LY_R_2022_SP_016_BS_100622_W_0_EX_221215,BS_100622_W_0,2022-12-15,1.0,0.036,2
EX_LY_R_2022_SP_016_BS_140622_W_0_EX_230103,BS_140622_W_0,2023-01-03,1.0,0.2319999999999999,2
EX_LY_R_2022_SP_016_BS_140722_W_0_EX_230220,BS_140722_W_0,2023-02-20,3.0,0.1908820065128525,2
EX_LY_R_2022_SP_016_BS_170622_W_0_EX_230111,BS_170622_W_0,2023-01-11,1.0,0.0839999999999999,2
EX_LY_R_2022_SP_016_BS_210622_W_0_EX_230119,BS_210622_W_0,2023-01-19,2.0,0.1050739665422369,2
EX_LY_R_2022_SP_016_BS_210622_W_1_EX_230323,BS_210622_W_1,2023-03-23,13.0,0.1566594551932166,2
EX_LY_R_2022_SP_016_BS_210622_W_2_EX_230323,BS_210622_W_2,2023-03-23,13.0,0.0062974726426319,2
EX_LY_R_2022_SP_016_BS_210622_W_3_EX_230323,BS_210622_W_3,2023-03-23,13.0,0.2889063806884868,2
EX_LY_R_2022_SP_016_BS_210622_W_4_EX_230327,BS_210622_W_4,2023-03-27,13.0,0.1925157564252274,2
EX_LY_R_2022_SP_016_BS_210622_W_5_EX_230327,BS_210622_W_5,2023-03-27,13.0,0.1530997370991016,2
EX_LY_R_2022_SP_016_BS_210622_W_6_EX_230327,BS_210622_W_6,2023-03-27,13.0,0.1474670566781033,2
EX_LY_R_2022_SP_016_BS_210622_W_7_EX_230327,BS_210622_W_7,2023-03-27,13.0,0.1172137007517462,2
EX_LY_R_2022_SP_016_BS_220607_W_1_EX_221125,BS_220607_W_1,2022-11-25,,0.178,2
EX_LY_R_2022_SP_016_BS_220610_W_1_EX_221125,BS_220610_W_1,2022-11-25,,0.103,1
EX_LY_R_2022_SP_016_BS_220614_W_1_EX_221125,BS_220614_W_1,2022-11-25,,,2
EX_LY_R_2022_SP_016_BS_220617_W_1_EX_221125,BS_220617_W_1,2022-11-25,,,1
EX_LY_R_2022_SP_016_BS_220621_C_0_EX_221012,BS_220621_C_0,2022-10-12,3.0,,2
EX_LY_R_2022_SP_016_BS_220621_W_1_EX_221125,BS_220621_W_1,2022-11-25,,,1
EX_LY_R_2022_SP_016_BS_220628_C_0_EX_221006,BS_220628_C_0,2022-10-06,1.0,,2
EX_LY_R_2022_SP_016_BS_220628_W_1_EX_221125,BS_220628_W_1,2022-11-25,,0.206,1
EX_LY_R_2022_SP_016_BS_220704_C_0_EX_221006,BS_220704_C_0,2022-10-06,1.0,,2
EX_LY_R_2022_SP_016_BS_220704_W_1_EX_221125,BS_220704_W_1,2022-11-25,,4.72,3
EX_LY_R_2022_SP_016_BS_220707_W_1_EX_221125,BS_220707_W_1,2022-11-25,,10.7,4
EX_LY_R_2022_SP_016_BS_220714_C_0_EX_221006,BS_220714_C_0,2022-10-06,1.0,,2
EX_LY_R_2022_SP_016_BS_220714_W_1_EX_221125,BS_220714_W_1,2022-11-25,,2.32,3
EX_LY_R_2022_SP_016_BS_280622_W_0_EX_230208,BS_280622_W_0,2023-02-08,2.0,0.1163072030969169,2
EX_LY_R_2022_SP_017_BS_040722_W_0_EX_230209,BS_040722_W_0,2023-02-09,2.0,0.5343564219549288,2
EX_LY_R_2022_SP_017_BS_070622_W_0_EX_221207,BS_070622_W_0,2022-12-07,1.0,0.074,2
EX_LY_R_2022_SP_017_BS_070722_W_0_EX_230210,BS_070722_W_0,2023-02-10,3.0,0.3039908542922469,2
EX_LY_R_2022_SP_017_BS_100622_W_0_EX_221215,BS_100622_W_0,2022-12-15,1.0,0.054,2
EX_LY_R_2022_SP_017_BS_140622_W_0_EX_230103,BS_140622_W_0,2023-01-03,1.0,0.15,2
EX_LY_R_2022_SP_017_BS_140722_W_0_EX_230220,BS_140722_W_0,2023-02-20,3.0,0.3043372826162267,2
EX_LY_R_2022_SP_017_BS_170622_W_0_EX_230111,BS_170622_W_0,2023-01-11,1.0,0.178,2
EX_LY_R_2022_SP_017_BS_210622_W_0_EX_230119,BS_210622_W_0,2023-01-19,2.0,1.5097469929489835,2
EX_LY_R_2022_SP_017_BS_210622_W_1_EX_230327,BS_210622_W_1,2023-03-27,13.0,0.0858707652416891,2
EX_LY_R_2022_SP_017_BS_210622_W_2_EX_230327,BS_210622_W_2,2023-03-27,13.0,0.3038716394540803,2
EX_LY_R_2022_SP_017_BS_210622_W_3_EX_230327,BS_210622_W_3,2023-03-27,13.0,0.1006300021366804,2
EX_LY_R_2022_SP_017_BS_210622_W_4_EX_230327,BS_210622_W_4,2023-03-27,13.0,0.0335327143615084,2
EX_LY_R_2022_SP_017_BS_210622_W_5_EX_230327,BS_210622_W_5,2023-03-27,13.0,0.2319848741716115,2
EX_LY_R_2022_SP_017_BS_210622_W_6_EX_230327,BS_210622_W_6,2023-03-27,13.0,0.1729096957290604,2
EX_LY_R_2022_SP_017_BS_210622_W_7_EX_230327,BS_210622_W_7,2023-03-27,13.0,0.6500924549693538,2
EX_LY_R_2022_SP_017_BS_220607_W_1_EX_221128,BS_220607_W_1,2022-11-28,,0.399,1
EX_LY_R_2022_SP_017_BS_220610_W_1_EX_221128,BS_220610_W_1,2022-11-28,,0.054,1
EX_LY_R_2022_SP_017_BS_220614_W_1_EX_221128,BS_220614_W_1,2022-11-28,,,1
EX_LY_R_2022_SP_017_BS_220617_W_1_EX_221128,BS_220617_W_1,2022-11-28,,,1
EX_LY_R_2022_SP_017_BS_220621_C_0_EX_221012,BS_220621_C_0,2022-10-12,3.0,,2
EX_LY_R_2022_SP_017_BS_220621_W_1_EX_221128,BS_220621_W_1,2022-11-28,,,2
EX_LY_R_2022_SP_017_BS_220628_C_0_EX_221006,BS_220628_C_0,2022-10-06,1.0,,2
EX_LY_R_2022_SP_017_BS_220628_W_1_EX_221128,BS_220628_W_1,2022-11-28,,,2
EX_LY_R_2022_SP_017_BS_220704_C_0_EX_221006,BS_220704_C_0,2022-10-06,1.0,,2
EX_LY_R_2022_SP_017_BS_220704_W_1_EX_221128,BS_220704_W_1,2022-11-28,,3.2,4
EX_LY_R_2022_SP_017_BS_220707_W_1_EX_221128,BS_220707_W_1,2022-11-28,,15.7,3
EX_LY_R_2022_SP_017_BS_220714_C_0_EX_221006,BS_220714_C_0,2022-10-06,1.0,,2
EX_LY_R_2022_SP_017_BS_220714_W_1_EX_221128,BS_220714_W_1,2022-11-28,,5.01,4
EX_LY_R_2022_SP_017_BS_280622_W_0_EX_230208,BS_280622_W_0,2023-02-08,2.0,0.3461565049080602,2
EX_LY_R_2022_SP_018_BS_040722_W_0_EX_230209,BS_040722_W_0,2023-02-09,2.0,3.246232545278584,2
EX_LY_R_2022_SP_018_BS_070622_W_0_EX_221207,BS_070622_W_0,2022-12-07,1.0,0.308,2
EX_LY_R_2022_SP_018_BS_070722_W_0_EX_230210,BS_070722_W_0,2023-02-10,3.0,0.5719531628905979,2
EX_LY_R_2022_SP_018_BS_100622_W_0_EX_221215,BS_100622_W_0,2022-12-15,1.0,0.028,2
EX_LY_R_2022_SP_018_BS_140622_W_0_EX_230103,BS_140622_W_0,2023-01-03,1.0,0.038,2
EX_LY_R_2022_SP_018_BS_140722_W_0_EX_230220,BS_140722_W_0,2023-02-20,3.0,1.0242153398461855,2
EX_LY_R_2022_SP_018_BS_170622_W_0_EX_230111,BS_170622_W_0,2023-01-11,1.0,0.106,2
EX_LY_R_2022_SP_018_BS_210622_W_0_EX_230119,BS_210622_W_0,2023-01-19,2.0,1.190204617724319,2
EX_LY_R_2022_SP_018_BS_210622_W_1_EX_230327,BS_210622_W_1,2023-03-27,13.0,0.7460243088815816,2
EX_LY_R_2022_SP_018_BS_210622_W_2_EX_230327,BS_210622_W_2,2023-03-27,13.0,0.7244854656880132,2
EX_LY_R_2022_SP_018_BS_210622_W_3_EX_230327,BS_210622_W_3,2023-03-27,13.0,1.9422552555754404,2
EX_LY_R_2022_SP_018_BS_210622_W_4_EX_230327,BS_210622_W_4,2023-03-27,13.0,0.0111973948640659,2
EX_LY_R_2022_SP_018_BS_210622_W_5_EX_230327,BS_210622_W_5,2023-03-27,13.0,0.0548103133274061,2
EX_LY_R_2022_SP_018_BS_210622_W_6_EX_230327,BS_210622_W_6,2023-03-27,13.0,0.0747498321027951,2
EX_LY_R_2022_SP_018_BS_210622_W_7_EX_230327,BS_210622_W_7,2023-03-27,13.0,1.3745290701107291,2
EX_LY_R_2022_SP_018_BS_220607_W_1_EX_221128,BS_220607_W_1,2022-11-28,,0.612,1
EX_LY_R_2022_SP_018_BS_220610_W_1_EX_221128,BS_220610_W_1,2022-11-28,,,1
EX_LY_R_2022_SP_018_BS_220614_W_1_EX_221128,BS_220614_W_1,2022-11-28,,0.238,1
EX_LY_R_2022_SP_018_BS_220617_W_1_EX_221128,BS_220617_W_1,2022-11-28,,,1
EX_LY_R_2022_SP_018_BS_220621_C_0_EX_221012,BS_220621_C_0,2022-10-12,3.0,,2
EX_LY_R_2022_SP_018_BS_220621_W_1_EX_221128,BS_220621_W_1,2022-11-28,,,2
EX_LY_R_2022_SP_018_BS_220628_C_0_EX_221006,BS_220628_C_0,2022-10-06,1.0,,2
EX_LY_R_2022_SP_018_BS_220628_W_1_EX_221128,BS_220628_W_1,2022-11-28,,,2
EX_LY_R_2022_SP_018_BS_220704_C_0_EX_221006,BS_220704_C_0,2022-10-06,1.0,,2
EX_LY_R_2022_SP_018_BS_220704_W_1_EX_221128,BS_220704_W_1,2022-11-28,,1.47,3
EX_LY_R_2022_SP_018_BS_220707_W_1_EX_221128,BS_220707_W_1,2022-11-28,,8.77,4
EX_LY_R_2022_SP_018_BS_220714_C_0_EX_221006,BS_220714_C_0,2022-10-06,1.0,,2
EX_LY_R_2022_SP_018_BS_220714_W_1_EX_221128,BS_220714_W_1,2022-11-28,,8.86,3
EX_LY_R_2022_SP_018_BS_280622_W_0_EX_230208,BS_280622_W_0,2023-02-08,2.0,0.4130374671643854,2
EX_LY_R_2022_SP_019_BS_040722_W_0_EX_230209,BS_040722_W_0,2023-02-09,2.0,1.494020461772432,2
EX_LY_R_2022_SP_019_BS_070622_W_0_EX_221207,BS_070622_W_0,2022-12-07,1.0,0.018,2
EX_LY_R_2022_SP_019_BS_070722_W_0_EX_230210,BS_070722_W_0,2023-02-10,3.0,0.0720570913877918,2
EX_LY_R_2022_SP_019_BS_100622_W_0_EX_221215,BS_100622_W_0,2022-12-15,1.0,0.036,2
EX_LY_R_2022_SP_019_BS_140622_W_0_EX_230103,BS_140622_W_0,2023-01-03,1.0,0.072,2
EX_LY_R_2022_SP_019_BS_140722_W_0_EX_230220,BS_140722_W_0,2023-02-20,3.0,1.3451811820134414,2
EX_LY_R_2022_SP_019_BS_170622_W_0_EX_230111,BS_170622_W_0,2023-01-11,1.0,0.224,2
EX_LY_R_2022_SP_019_BS_210622_W_0_EX_230119,BS_210622_W_0,2023-01-19,2.0,0.0693004285911793,2
EX_LY_R_2022_SP_019_BS_210622_W_1_EX_230327,BS_210622_W_1,2023-03-27,13.0,0.5064336169921742,2
EX_LY_R_2022_SP_019_BS_210622_W_2_EX_230327,BS_210622_W_2,2023-03-27,13.0,0.5378636339114548,2
EX_LY_R_2022_SP_019_BS_210622_W_3_EX_230327,BS_210622_W_3,2023-03-27,13.0,0.5757313033028492,2
EX_LY_R_2022_SP_019_BS_210622_W_4_EX_230327,BS_210622_W_4,2023-03-27,13.0,0.1371489716535145,2
EX_LY_R_2022_SP_019_BS_210622_W_5_EX_230327,BS_210622_W_5,2023-03-27,13.0,0.1994865170367343,2
EX_LY_R_2022_SP_019_BS_210622_W_6_EX_230327,BS_210622_W_6,2023-03-27,13.0,0.3424550755505562,2
EX_LY_R_2022_SP_019_BS_210622_W_7_EX_230328,BS_210622_W_7,2023-03-28,13.0,0.1700742400872683,2
EX_LY_R_2022_SP_019_BS_220607_W_1_EX_221128,BS_220607_W_1,2022-11-28,,0.181,1
EX_LY_R_2022_SP_019_BS_220610_W_1_EX_221128,BS_220610_W_1,2022-11-28,,0.088,1
EX_LY_R_2022_SP_019_BS_220614_W_1_EX_221128,BS_220614_W_1,2022-11-28,,0.095,1
EX_LY_R_2022_SP_019_BS_220616_C_0_EX_221006,BS_220616_C_0,2022-10-06,1.0,,2
EX_LY_R_2022_SP_019_BS_220617_W_1_EX_221128,BS_220617_W_1,2022-11-28,,,1
EX_LY_R_2022_SP_019_BS_220621_C_1_EX_221012,BS_220621_C_1,2022-10-12,3.0,,2
EX_LY_R_2022_SP_019_BS_220621_C_2_EX_221012,BS_220621_C_2,2022-10-12,3.0,,2
EX_LY_R_2022_SP_019_BS_220621_C_3_EX_221012,BS_220621_C_3,2022-10-12,3.0,,2
EX_LY_R_2022_SP_019_BS_220621_C_4_EX_221012,BS_220621_C_4,2022-10-12,3.0,,2
EX_LY_R_2022_SP_019_BS_220621_C_5_EX_221012,BS_220621_C_5,2022-10-12,3.0,,2
EX_LY_R_2022_SP_019_BS_220621_C_6_EX_221012,BS_220621_C_6,2022-10-12,3.0,,2
EX_LY_R_2022_SP_019_BS_220621_C_7_EX_221012,BS_220621_C_7,2022-10-12,3.0,,2
EX_LY_R_2022_SP_019_BS_220621_W_1_EX_221128,BS_220621_W_1,2022-11-28,,,2
EX_LY_R_2022_SP_019_BS_220628_C_0_EX_221006,BS_220628_C_0,2022-10-06,1.0,,2
EX_LY_R_2022_SP_019_BS_220628_W_1_EX_221128,BS_220628_W_1,2022-11-28,,0.514,1
EX_LY_R_2022_SP_019_BS_220704_C_0_EX_221006,BS_220704_C_0,2022-10-06,1.0,,2
EX_LY_R_2022_SP_019_BS_220704_W_1_EX_221128,BS_220704_W_1,2022-11-28,,0.456,4
EX_LY_R_2022_SP_019_BS_220707_W_1_EX_221128,BS_220707_W_1,2022-11-28,,7.19,4
EX_LY_R_2022_SP_019_BS_220714_C_0_EX_221006,BS_220714_C_0,2022-10-06,1.0,,2
EX_LY_R_2022_SP_019_BS_220714_W_1_EX_221128,BS_220714_W_1,2022-11-28,,0.656,3
EX_LY_R_2022_SP_019_BS_280622_W_0_EX_230208,BS_280622_W_0,2023-02-08,2.0,0.3769182911654914,2
EX_LY_R_2022_SP_020_BS_040722_W_0_EX_230209,BS_040722_W_0,2023-02-09,2.0,0.7351721277478225,2
EX_LY_R_2022_SP_020_BS_070622_W_0_EX_221207,BS_070622_W_0,2022-12-07,1.0,0.056,2
EX_LY_R_2022_SP_020_BS_070722_W_0_EX_230210,BS_070722_W_0,2023-02-10,3.0,0.5691817362987598,2
EX_LY_R_2022_SP_020_BS_100622_W_0_EX_221215,BS_100622_W_0,2022-12-15,1.0,0.076,2
EX_LY_R_2022_SP_020_BS_140622_W_0_EX_230103,BS_140622_W_0,2023-01-03,1.0,0.038,2
EX_LY_R_2022_SP_020_BS_140722_W_0_EX_230220,BS_140722_W_0,2023-02-20,3.0,0.6992655719531629,2
EX_LY_R_2022_SP_020_BS_170622_W_0_EX_230111,BS_170622_W_0,2023-01-11,1.0,0.696,2
EX_LY_R_2022_SP_020_BS_210622_W_0_EX_230119,BS_210622_W_0,2023-01-19,2.0,0.3606733029171851,2
EX_LY_R_2022_SP_020_BS_210622_W_1_EX_230328,BS_210622_W_1,2023-03-28,13.0,0.2044289179943749,2
EX_LY_R_2022_SP_020_BS_210622_W_2_EX_230328,BS_210622_W_2,2023-03-28,13.0,0.153044514742033,2
EX_LY_R_2022_SP_020_BS_210622_W_3_EX_230328,BS_210622_W_3,2023-03-28,13.0,0.2461536566333307,2
EX_LY_R_2022_SP_020_BS_210622_W_4_EX_230328,BS_210622_W_4,2023-03-28,13.0,0.145867732259924,2
EX_LY_R_2022_SP_020_BS_210622_W_5_EX_230328,BS_210622_W_5,2023-03-28,13.0,1.2190420280368155,2
EX_LY_R_2022_SP_020_BS_210622_W_6_EX_230328,BS_210622_W_6,2023-03-28,13.0,0.0195954410121153,2
EX_LY_R_2022_SP_020_BS_210622_W_7_EX_230328,BS_210622_W_7,2023-03-28,13.0,1.552897283442341,2
EX_LY_R_2022_SP_020_BS_220607_W_1_EX_221129,BS_220607_W_1,2022-11-29,,0.127,1
EX_LY_R_2022_SP_020_BS_220610_W_1_EX_221129,BS_220610_W_1,2022-11-29,,0.166,1
EX_LY_R_2022_SP_020_BS_220614_W_1_EX_221129,BS_220614_W_1,2022-11-29,,,1
EX_LY_R_2022_SP_020_BS_220616_C_0_EX_221006,BS_220616_C_0,2022-10-06,1.0,,2
EX_LY_R_2022_SP_020_BS_220617_W_1_EX_221129,BS_220617_W_1,2022-11-29,,,1
EX_LY_R_2022_SP_020_BS_220621_C_1_EX_221012,BS_220621_C_1,2022-10-12,3.0,,2
EX_LY_R_2022_SP_020_BS_220621_C_2_EX_221012,BS_220621_C_2,2022-10-12,3.0,,2
EX_LY_R_2022_SP_020_BS_220621_C_3_EX_221012,BS_220621_C_3,2022-10-12,3.0,,2
EX_LY_R_2022_SP_020_BS_220621_C_4_EX_221012,BS_220621_C_4,2022-10-12,3.0,,2
EX_LY_R_2022_SP_020_BS_220621_C_5_EX_221012,BS_220621_C_5,2022-10-12,3.0,,2
EX_LY_R_2022_SP_020_BS_220621_C_6_EX_221012,BS_220621_C_6,2022-10-12,3.0,,2
EX_LY_R_2022_SP_020_BS_220621_C_7_EX_221012,BS_220621_C_7,2022-10-12,3.0,,2
EX_LY_R_2022_SP_020_BS_220621_W_1_EX_221129,BS_220621_W_1,2022-11-29,,,1
EX_LY_R_2022_SP_020_BS_220628_C_0_EX_221006,BS_220628_C_0,2022-10-06,1.0,,2
EX_LY_R_2022_SP_020_BS_220628_W_1_EX_221129,BS_220628_W_1,2022-11-29,,0.149,2
EX_LY_R_2022_SP_020_BS_220704_C_0_EX_221006,BS_220704_C_0,2022-10-06,1.0,,2
EX_LY_R_2022_SP_020_BS_220704_W_1_EX_221129,BS_220704_W_1,2022-11-29,,1.59,3
EX_LY_R_2022_SP_020_BS_220707_W_1_EX_221129,BS_220707_W_1,2022-11-29,,6.5,3
EX_LY_R_2022_SP_020_BS_220714_C_0_EX_221006,BS_220714_C_0,2022-10-06,1.0,,2
EX_LY_R_2022_SP_020_BS_220714_W_1_EX_221129,BS_220714_W_1,2022-11-29,,2.48,3
EX_LY_R_2022_SP_020_BS_280622_W_0_EX_230208,BS_280622_W_0,2023-02-08,2.0,0.4147656574035669,2
EX_LY_R_2022_SP_021_BS_040722_W_0_EX_230209,BS_040722_W_0,2023-02-09,2.0,0.1595119590764551,2
EX_LY_R_2022_SP_021_BS_070622_W_0_EX_221207,BS_070622_W_0,2022-12-07,1.0,0.348,2
EX_LY_R_2022_SP_021_BS_070722_W_0_EX_230210,BS_070722_W_0,2023-02-10,3.0,0.0620106699923785,2
EX_LY_R_2022_SP_021_BS_100622_W_0_EX_221215,BS_100622_W_0,2022-12-15,1.0,0.022,2
EX_LY_R_2022_SP_021_BS_140622_W_0_EX_230103,BS_140622_W_0,2023-01-03,1.0,0.258,2
EX_LY_R_2022_SP_021_BS_140722_W_0_EX_230220,BS_140722_W_0,2023-02-20,3.0,0.0994249289821935,2
EX_LY_R_2022_SP_021_BS_170622_W_0_EX_230111,BS_170622_W_0,2023-01-11,2.0,0.1194179455274436,2
EX_LY_R_2022_SP_021_BS_210622_W_0_EX_230119,BS_210622_W_0,2023-01-19,2.0,0.8399004562422231,2
EX_LY_R_2022_SP_021_BS_210622_W_1_EX_230328,BS_210622_W_1,2023-03-28,13.0,0.0674137543599112,2
EX_LY_R_2022_SP_021_BS_210622_W_2_EX_230328,BS_210622_W_2,2023-03-28,13.0,0.3811723196660831,2
EX_LY_R_2022_SP_021_BS_210622_W_3_EX_230328,BS_210622_W_3,2023-03-28,13.0,0.1956655547149485,2
EX_LY_R_2022_SP_021_BS_210622_W_4_EX_230328,BS_210622_W_4,2023-03-28,13.0,0.0512017446866534,2
EX_LY_R_2022_SP_021_BS_210622_W_5_EX_230328,BS_210622_W_5,2023-03-28,13.0,0.8266447023281321,2
EX_LY_R_2022_SP_021_BS_210622_W_6_EX_230328,BS_210622_W_6,2023-03-28,13.0,0.1812780067617652,2
EX_LY_R_2022_SP_021_BS_210622_W_7_EX_230328,BS_210622_W_7,2023-03-28,13.0,0.05714451988196,2
EX_LY_R_2022_SP_021_BS_220607_W_1_EX_221128,BS_220607_W_1,2022-11-28,,0.563,2
EX_LY_R_2022_SP_021_BS_220610_W_1_EX_221128,BS_220610_W_1,2022-11-28,,,1
EX_LY_R_2022_SP_021_BS_220614_W_1_EX_221128,BS_220614_W_1,2022-11-28,,3.11,1
EX_LY_R_2022_SP_021_BS_220617_W_1_EX_221128,BS_220617_W_1,2022-11-28,,1.28,1
EX_LY_R_2022_SP_021_BS_220621_C_0_EX_221012,BS_220621_C_0,2022-10-12,3.0,,2
EX_LY_R_2022_SP_021_BS_220621_W_1_EX_221128,BS_220621_W_1,2022-11-28,,,2
EX_LY_R_2022_SP_021_BS_220628_C_0_EX_221006,BS_220628_C_0,2022-10-06,1.0,,2
EX_LY_R_2022_SP_021_BS_220628_W_1_EX_221128,BS_220628_W_1,2022-11-28,,0.58,1
EX_LY_R_2022_SP_021_BS_220704_C_0_EX_221006,BS_220704_C_0,2022-10-06,1.0,,2
EX_LY_R_2022_SP_021_BS_220704_W_1_EX_221128,BS_220704_W_1,2022-11-28,,0.143,3
EX_LY_R_2022_SP_021_BS_220707_W_1_EX_221128,BS_220707_W_1,2022-11-28,,3.46,3
EX_LY_R_2022_SP_021_BS_220714_C_0_EX_221006,BS_220714_C_0,2022-10-06,1.0,,2
EX_LY_R_2022_SP_021_BS_220714_W_1_EX_221128,BS_220714_W_1,2022-11-28,,4.22,3
EX_LY_R_2022_SP_021_BS_280622_W_0_EX_230208,BS_280622_W_0,2023-02-08,2.0,0.0312802433291856,2
EX_LY_R_2022_SP_022_BS_040722_W_0_EX_230209,BS_040722_W_0,2023-02-09,2.0,0.2898175031107424,2
EX_LY_R_2022_SP_022_BS_070622_W_0_EX_221207,BS_070622_W_0,2022-12-07,1.0,0.01,2
EX_LY_R_2022_SP_022_BS_070722_W_0_EX_230210,BS_070722_W_0,2023-02-10,3.0,0.0192267719808771,2
EX_LY_R_2022_SP_022_BS_100622_W_0_EX_221215,BS_100622_W_0,2022-12-15,1.0,0.0839999999999999,2
EX_LY_R_2022_SP_022_BS_140622_W_0_EX_230103,BS_140622_W_0,2023-01-03,1.0,0.368,2
EX_LY_R_2022_SP_022_BS_140722_W_0_EX_230220,BS_140722_W_0,2023-02-20,3.0,0.7952262176955588,2
EX_LY_R_2022_SP_022_BS_170622_W_0_EX_230111,BS_170622_W_0,2023-01-11,2.0,0.4209871422646205,2
EX_LY_R_2022_SP_022_BS_210622_W_0_EX_230119,BS_210622_W_0,2023-01-19,2.0,3.815844048112816,2
EX_LY_R_2022_SP_022_BS_210622_W_1_EX_230329,BS_210622_W_1,2023-03-29,13.0,0.4449031675968802,2
EX_LY_R_2022_SP_022_BS_210622_W_2_EX_230330,BS_210622_W_2,2023-03-30,13.0,0.1408658610715941,2
EX_LY_R_2022_SP_022_BS_210622_W_3_EX_230331,BS_210622_W_3,2023-03-31,13.0,0.1256797128777262,2
EX_LY_R_2022_SP_022_BS_210622_W_4_EX_230328,BS_210622_W_4,2023-03-28,13.0,0.5219256120867297,2
EX_LY_R_2022_SP_022_BS_210622_W_5_EX_230328,BS_210622_W_5,2023-03-28,13.0,0.0170594604605799,2
EX_LY_R_2022_SP_022_BS_210622_W_6_EX_230328,BS_210622_W_6,2023-03-28,13.0,0.0136526658168087,2
EX_LY_R_2022_SP_022_BS_210622_W_7_EX_230328,BS_210622_W_7,2023-03-28,13.0,0.1477134333481017,2
EX_LY_R_2022_SP_022_BS_220607_W_1_EX_221129,BS_220607_W_1,2022-11-29,,0.167,1
EX_LY_R_2022_SP_022_BS_220610_W_1_EX_221129,BS_220610_W_1,2022-11-29,,,1
EX_LY_R_2022_SP_022_BS_220614_W_1_EX_221129,BS_220614_W_1,2022-11-29,,0.156,1
EX_LY_R_2022_SP_022_BS_220617_W_1_EX_221129,BS_220617_W_1,2022-11-29,,0.099,1
EX_LY_R_2022_SP_022_BS_220621_C_0_EX_221012,BS_220621_C_0,2022-10-12,3.0,,2
EX_LY_R_2022_SP_022_BS_220621_W_1_EX_221129,BS_220621_W_1,2022-11-29,,0.093,2
EX_LY_R_2022_SP_022_BS_220628_C_0_EX_221006,BS_220628_C_0,2022-10-06,1.0,,2
EX_LY_R_2022_SP_022_BS_220628_W_1_EX_221129,BS_220628_W_1,2022-11-29,,,2
EX_LY_R_2022_SP_022_BS_220704_C_0_EX_221006,BS_220704_C_0,2022-10-06,1.0,,2
EX_LY_R_2022_SP_022_BS_220704_W_1_EX_221129,BS_220704_W_1,2022-11-29,,4.82,4
EX_LY_R_2022_SP_022_BS_220707_W_1_EX_221129,BS_220707_W_1,2022-11-29,,3.04,4
EX_LY_R_2022_SP_022_BS_220714_W_1_EX_221129,BS_220714_W_1,2022-11-29,,0.02,2
EX_LY_R_2022_SP_022_BS_280622_W_0_EX_230208,BS_280622_W_0,2023-02-08,2.0,0.583091386699848,2
EX_LY_R_2022_SP_023_BS_040722_W_0_EX_230209,BS_040722_W_0,2023-02-09,2.0,0.3185054610811558,2
EX_LY_R_2022_SP_023_BS_070622_W_0_EX_221207,BS_070622_W_0,2022-12-07,1.0,0.032,2
EX_LY_R_2022_SP_023_BS_070722_W_0_EX_230210,BS_070722_W_0,2023-02-10,3.0,0.0076214231275549,2
EX_LY_R_2022_SP_023_BS_100622_W_0_EX_221215,BS_100622_W_0,2022-12-15,1.0,0.088,2
EX_LY_R_2022_SP_023_BS_140622_W_0_EX_230103,BS_140622_W_0,2023-01-03,1.0,0.22,2
EX_LY_R_2022_SP_023_BS_140722_W_0_EX_230220,BS_140722_W_0,2023-02-20,3.0,0.8075244231968406,2
EX_LY_R_2022_SP_023_BS_170622_W_0_EX_230111,BS_170622_W_0,2023-01-11,2.0,0.2137771325867551,2
EX_LY_R_2022_SP_023_BS_210622_W_0_EX_230119,BS_210622_W_0,2023-01-19,2.0,0.4636734411724043,2
EX_LY_R_2022_SP_023_BS_210622_W_1_EX_230328,BS_210622_W_1,2023-03-28,13.0,3.4590541089893927,2
EX_LY_R_2022_SP_023_BS_210622_W_2_EX_230328,BS_210622_W_2,2023-03-28,13.0,0.1351036205051656,2
EX_LY_R_2022_SP_023_BS_210622_W_3_EX_230331,BS_210622_W_3,2023-03-31,13.0,0.0877079705826256,2
EX_LY_R_2022_SP_023_BS_210622_W_4_EX_230331,BS_210622_W_4,2023-03-31,13.0,0.0748284177647774,2
EX_LY_R_2022_SP_023_BS_210622_W_5_EX_230331,BS_210622_W_5,2023-03-31,13.0,0.9136071710903314,2
EX_LY_R_2022_SP_023_BS_210622_W_6_EX_230331,BS_210622_W_6,2023-03-31,13.0,0.5610421563225988,2
EX_LY_R_2022_SP_023_BS_210622_W_7_EX_230331,BS_210622_W_7,2023-03-31,13.0,0.4855489463361878,2
EX_LY_R_2022_SP_023_BS_220607_W_1_EX_221129,BS_220607_W_1,2022-11-29,,0.144,1
EX_LY_R_2022_SP_023_BS_220610_W_1_EX_221129,BS_220610_W_1,2022-11-29,,,1
EX_LY_R_2022_SP_023_BS_220614_W_1_EX_221129,BS_220614_W_1,2022-11-29,,0.076,1
EX_LY_R_2022_SP_023_BS_220617_W_1_EX_221129,BS_220617_W_1,2022-11-29,,0.102,1
EX_LY_R_2022_SP_023_BS_220621_C_0_EX_221012,BS_220621_C_0,2022-10-12,3.0,,2
EX_LY_R_2022_SP_023_BS_220621_W_1_EX_221129,BS_220621_W_1,2022-11-29,,,2
EX_LY_R_2022_SP_023_BS_220628_C_0_EX_221006,BS_220628_C_0,2022-10-06,1.0,,2
EX_LY_R_2022_SP_023_BS_220628_W_1_EX_221129,BS_220628_W_1,2022-11-29,,0.198,2
EX_LY_R_2022_SP_023_BS_220704_C_0_EX_221006,BS_220704_C_0,2022-10-06,1.0,,2
EX_LY_R_2022_SP_023_BS_220704_W_1_EX_221129,BS_220704_W_1,2022-11-29,,4.63,4
EX_LY_R_2022_SP_023_BS_220707_W_1_EX_221129,BS_220707_W_1,2022-11-29,,7.89,3
EX_LY_R_2022_SP_023_BS_220714_C_0_EX_221006,BS_220714_C_0,2022-10-06,1.0,,2
EX_LY_R_2022_SP_023_BS_220714_W_1_EX_221129,BS_220714_W_1,2022-11-29,,3.62,3
EX_LY_R_2022_SP_023_BS_280622_W_0_EX_230208,BS_280622_W_0,2023-02-08,2.0,0.4557237660721692,2
EX_LY_R_2022_SP_024_BS_040722_W_0_EX_230209,BS_040722_W_0,2023-02-09,2.0,0.7681805613161897,2
EX_LY_R_2022_SP_024_BS_070622_W_0_EX_221207,BS_070622_W_0,2022-12-07,1.0,3.346,2
EX_LY_R_2022_SP_024_BS_070722_W_0_EX_230210,BS_070722_W_0,2023-02-10,3.0,0.6660084528511051,2
EX_LY_R_2022_SP_024_BS_100622_W_0_EX_221215,BS_100622_W_0,2022-12-15,1.0,0.018,2
EX_LY_R_2022_SP_024_BS_140622_W_0_EX_230103,BS_140622_W_0,2023-01-03,1.0,0.1399999999999999,2
EX_LY_R_2022_SP_024_BS_140722_W_0_EX_230220,BS_140722_W_0,2023-02-20,3.0,0.6053834961546456,2
EX_LY_R_2022_SP_024_BS_170622_W_0_EX_230111,BS_170622_W_0,2023-01-11,2.0,1.69068851099129,2
EX_LY_R_2022_SP_024_BS_210622_W_0_EX_230119,BS_210622_W_0,2023-01-19,2.0,0.1486243605696115,2
EX_LY_R_2022_SP_024_BS_210622_W_1_EX_230331,BS_210622_W_1,2023-03-31,13.0,0.8230382576241898,2
EX_LY_R_2022_SP_024_BS_210622_W_2_EX_230331,BS_210622_W_2,2023-03-31,13.0,0.7239778447903441,2
EX_LY_R_2022_SP_024_BS_210622_W_3_EX_230331,BS_210622_W_3,2023-03-31,13.0,0.0066946488261638,2
EX_LY_R_2022_SP_024_BS_210622_W_4_EX_230331,BS_210622_W_4,2023-03-31,13.0,0.193225151319878,2
EX_LY_R_2022_SP_024_BS_210622_W_5_EX_230331,BS_210622_W_5,2023-03-31,13.0,0.6621585399888451,2
EX_LY_R_2022_SP_024_BS_210622_W_6_EX_230331,BS_210622_W_6,2023-03-31,13.0,0.758360133875985,2
EX_LY_R_2022_SP_024_BS_210622_W_7_EX_230331,BS_210622_W_7,2023-03-31,13.0,0.5859198281820078,2
EX_LY_R_2022_SP_024_BS_220607_W_1_EX_221129,BS_220607_W_1,2022-11-29,,0.261,1
EX_LY_R_2022_SP_024_BS_220610_W_1_EX_221129,BS_220610_W_1,2022-11-29,,,1
EX_LY_R_2022_SP_024_BS_220614_W_1_EX_221129,BS_220614_W_1,2022-11-29,,0.075,1
EX_LY_R_2022_SP_024_BS_220616_C_0_EX_221006,BS_220616_C_0,2022-10-06,1.0,,2
EX_LY_R_2022_SP_024_BS_220617_W_1_EX_221129,BS_220617_W_1,2022-11-29,,,1
EX_LY_R_2022_SP_024_BS_220621_C_1_EX_221012,BS_220621_C_1,2022-10-12,3.0,,2
EX_LY_R_2022_SP_024_BS_220621_C_2_EX_221012,BS_220621_C_2,2022-10-12,3.0,,2
EX_LY_R_2022_SP_024_BS_220621_C_3_EX_221012,BS_220621_C_3,2022-10-12,3.0,,2
EX_LY_R_2022_SP_024_BS_220621_C_4_EX_221012,BS_220621_C_4,2022-10-12,3.0,,2
EX_LY_R_2022_SP_024_BS_220621_C_5_EX_221012,BS_220621_C_5,2022-10-12,3.0,,2
EX_LY_R_2022_SP_024_BS_220621_C_6_EX_221012,BS_220621_C_6,2022-10-12,3.0,,2
EX_LY_R_2022_SP_024_BS_220621_C_7_EX_221012,BS_220621_C_7,2022-10-12,3.0,,2
EX_LY_R_2022_SP_024_BS_220621_W_1_EX_221129,BS_220621_W_1,2022-11-29,,,2
EX_LY_R_2022_SP_024_BS_220628_C_0_EX_221006,BS_220628_C_0,2022-10-06,1.0,,2
EX_LY_R_2022_SP_024_BS_220628_W_1_EX_221129,BS_220628_W_1,2022-11-29,,0.241,2
EX_LY_R_2022_SP_024_BS_220704_C_0_EX_221006,BS_220704_C_0,2022-10-06,1.0,,2
EX_LY_R_2022_SP_024_BS_220704_W_1_EX_221129,BS_220704_W_1,2022-11-29,,0.572,3
EX_LY_R_2022_SP_024_BS_220707_W_1_EX_221129,BS_220707_W_1,2022-11-29,,6.07,3
EX_LY_R_2022_SP_024_BS_220714_C_0_EX_221006,BS_220714_C_0,2022-10-06,1.0,,2
EX_LY_R_2022_SP_024_BS_220714_W_1_EX_221129,BS_220714_W_1,2022-11-29,,2.91,3
EX_LY_R_2022_SP_024_BS_280622_W_0_EX_230208,BS_280622_W_0,2023-02-08,2.0,0.0523641642472003,2
EX_LY_S_2022_SP_001_BS_240622_W_1_EX_230222,BS_240622_W_1,2023-02-22,4.0,0.1467769585991355,2
EX_LY_S_2022_SP_001_BS_240622_W_2_EX_230222,BS_240622_W_2,2023-02-22,4.0,0.0401167359179094,2
EX_LY_S_2022_SP_001_BS_240622_W_3_EX_230222,BS_240622_W_3,2023-02-22,4.0,0.3049862776138329,2
EX_LY_S_2022_SP_001_BS_240622_W_4_EX_230222,BS_240622_W_4,2023-02-22,4.0,0.1665625302453766,2
EX_LY_S_2022_SP_001_BS_240622_W_5_EX_230222,BS_240622_W_5,2023-02-22,4.0,0.0011643490128849,2
EX_LY_S_2022_SP_001_BS_240622_W_6_EX_230222,BS_240622_W_6,2023-02-22,4.0,0.0354091704295486,2
EX_LY_S_2022_SP_001_BS_240622_W_7_EX_230222,BS_240622_W_7,2023-02-22,4.0,0.0961141889828334,2
EX_LY_S_2022_SP_002_BS_240622_W_1_EX_230222,BS_240622_W_1,2023-02-22,4.0,0.3231078962721809,2
EX_LY_S_2022_SP_002_BS_240622_W_2_EX_230222,BS_240622_W_2,2023-02-22,4.0,0.0405766224221009,2
EX_LY_S_2022_SP_002_BS_240622_W_3_EX_230222,BS_240622_W_3,2023-02-22,4.0,0.1060770029781831,2
EX_LY_S_2022_SP_002_BS_240622_W_4_EX_230222,BS_240622_W_4,2023-02-22,4.0,0.0650572171974976,2
EX_LY_S_2022_SP_002_BS_240622_W_5_EX_230222,BS_240622_W_5,2023-02-22,4.0,0.0085246234731506,2
EX_LY_S_2022_SP_002_BS_240622_W_6_EX_230222,BS_240622_W_6,2023-02-22,4.0,0.0330804724037786,2
EX_LY_S_2022_SP_002_BS_240622_W_7_EX_230222,BS_240622_W_7,2023-02-22,4.0,0.089282784002388,2
EX_LY_S_2022_SP_003_BS_240622_W_1_EX_230222,BS_240622_W_1,2023-02-22,4.0,0.0226556815110365,2
EX_LY_S_2022_SP_003_BS_240622_W_2_EX_230222,BS_240622_W_2,2023-02-22,4.0,0.4252779543579367,2
EX_LY_S_2022_SP_003_BS_240622_W_3_EX_230222,BS_240622_W_3,2023-02-22,4.0,0.0648439970910088,2
EX_LY_S_2022_SP_003_BS_240622_W_4_EX_230222,BS_240622_W_4,2023-02-22,4.0,0.0132886295779349,2
EX_LY_S_2022_SP_003_BS_240622_W_5_EX_230222,BS_240622_W_5,2023-02-22,4.0,0.0259543219820104,2
EX_LY_S_2022_SP_003_BS_240622_W_6_EX_230222,BS_240622_W_6,2023-02-22,4.0,0.0317133552504092,2
EX_LY_S_2022_SP_003_BS_240622_W_7_EX_230222,BS_240622_W_7,2023-02-22,4.0,0.00420169033375,2
EX_LY_S_2022_SP_004_BS_240622_W_1_EX_230222,BS_240622_W_1,2023-02-22,4.0,0.2194432070478024,2
EX_LY_S_2022_SP_004_BS_240622_W_2_EX_230222,BS_240622_W_2,2023-02-22,4.0,0.1701350122256646,2
EX_LY_S_2022_SP_004_BS_240622_W_3_EX_230222,BS_240622_W_3,2023-02-22,4.0,0.0156215083901066,2
EX_LY_S_2022_SP_004_BS_240622_W_4_EX_230223,BS_240622_W_4,2023-02-23,4.0,0.0151908873907273,2
EX_LY_S_2022_SP_004_BS_240622_W_5_EX_230223,BS_240622_W_5,2023-02-23,4.0,0.1039657058453037,2
EX_LY_S_2022_SP_004_BS_240622_W_6_EX_230223,BS_240622_W_6,2023-02-23,4.0,0.0163531460104114,2
EX_LY_S_2022_SP_004_BS_240622_W_7_EX_230223,BS_240622_W_7,2023-02-23,4.0,0.0690791337159728,2
EX_LY_S_2022_SP_005_BS_240622_W_1_EX_230223,BS_240622_W_1,2023-02-23,4.0,0.7858895950469388,2
EX_LY_S_2022_SP_005_BS_240622_W_2_EX_230223,BS_240622_W_2,2023-02-23,4.0,0.0179230313042653,2
EX_LY_S_2022_SP_005_BS_240622_W_3_EX_230223,BS_240622_W_3,2023-02-23,4.0,0.0526946318075483,2
EX_LY_S_2022_SP_005_BS_240622_W_4_EX_230223,BS_240622_W_4,2023-02-23,4.0,0.018347381124042,2
EX_LY_S_2022_SP_005_BS_240622_W_5_EX_230223,BS_240622_W_5,2023-02-23,4.0,0.0191250073947659,2
EX_LY_S_2022_SP_005_BS_240622_W_6_EX_230223,BS_240622_W_6,2023-02-23,4.0,0.0177557998481956,2
EX_LY_S_2022_SP_005_BS_240622_W_7_EX_230223,BS_240622_W_7,2023-02-23,4.0,0.184063302123066,2
EX_LY_S_2022_SP_006_BS_240622_W_1_EX_230223,BS_240622_W_1,2023-02-23,4.0,0.0893998460216368,2
EX_LY_S_2022_SP_006_BS_240622_W_2_EX_230223,BS_240622_W_2,2023-02-23,4.0,0.0152410568275482,2
EX_LY_S_2022_SP_006_BS_240622_W_3_EX_230223,BS_240622_W_3,2023-02-23,4.0,0.0006689258242786,2
EX_LY_S_2022_SP_006_BS_240622_W_4_EX_230223,BS_240622_W_4,2023-02-23,4.0,0.3516438538572667,2
EX_LY_S_2022_SP_006_BS_240622_W_5_EX_230223,BS_240622_W_5,2023-02-23,4.0,0.0570363784857567,2
EX_LY_S_2022_SP_006_BS_240622_W_6_EX_230223,BS_240622_W_6,2023-02-23,4.0,0.1302900274238684,2
EX_LY_S_2022_SP_006_BS_240622_W_7_EX_230223,BS_240622_W_7,2023-02-23,4.0,0.005721406190783,2
EX_LY_S_2022_SP_007_BS_240622_W_1_EX_230223,BS_240622_W_1,2023-02-23,4.0,0.0209687341979338,2
EX_LY_S_2022_SP_007_BS_240622_W_2_EX_230223,BS_240622_W_2,2023-02-23,4.0,0.0016785857402991,2
EX_LY_S_2022_SP_007_BS_240622_W_3_EX_230223,BS_240622_W_3,2023-02-23,4.0,0.0102220227522576,2
EX_LY_S_2022_SP_007_BS_240622_W_4_EX_230223,BS_240622_W_4,2023-02-23,4.0,0.0116581228812558,2
EX_LY_S_2022_SP_007_BS_240622_W_5_EX_230223,BS_240622_W_5,2023-02-23,4.0,0.0008361572803482,2
EX_LY_S_2022_SP_007_BS_240622_W_6_EX_230223,BS_240622_W_6,2023-02-23,4.0,0.0100443393301836,2
EX_LY_S_2022_SP_007_BS_240622_W_7_EX_230224,BS_240622_W_7,2023-02-24,4.0,0.0032923692913713,2
EX_LY_S_2022_SP_008_BS_240622_W_1_EX_230224,BS_240622_W_1,2023-02-24,4.0,0.0188281715602423,2
EX_LY_S_2022_SP_008_BS_240622_W_2_EX_230224,BS_240622_W_2,2023-02-24,4.0,0.1123565441535987,2
EX_LY_S_2022_SP_008_BS_240622_W_3_EX_230224,BS_240622_W_3,2023-02-24,4.0,0.0261863556273071,2
EX_LY_S_2022_SP_008_BS_240622_W_4_EX_230224,BS_240622_W_4,2023-02-24,4.0,2.29943252095776e-05,2
EX_LY_S_2022_SP_008_BS_240622_W_5_EX_230224,BS_240622_W_5,2023-02-24,4.0,0.0051632712061506,2
EX_LY_S_2022_SP_008_BS_240622_W_6_EX_230224,BS_240622_W_6,2023-02-24,4.0,0.1152078404795863,2
EX_LY_S_2022_SP_008_BS_240622_W_7_EX_230224,BS_240622_W_7,2023-02-24,4.0,0.143520125992179,2
EX_LY_S_2022_SP_009_BS_240622_W_1_EX_230224,BS_240622_W_1,2023-02-24,4.0,0.0240750584944277,2
EX_LY_S_2022_SP_009_BS_240622_W_2_EX_230224,BS_240622_W_2,2023-02-24,4.0,0.2356667486797599,2
EX_LY_S_2022_SP_009_BS_240622_W_3_EX_230224,BS_240622_W_3,2023-02-24,4.0,0.010263830616275,2
EX_LY_S_2022_SP_009_BS_240622_W_4_EX_230224,BS_240622_W_4,2023-02-24,4.0,0.0353673625655312,2
EX_LY_S_2022_SP_009_BS_240622_W_5_EX_230224,BS_240622_W_5,2023-02-24,4.0,0.0486559921434661,2
EX_LY_S_2022_SP_009_BS_240622_W_6_EX_230224,BS_240622_W_6,2023-02-24,4.0,0.0082612339298409,2
EX_LY_S_2022_SP_009_BS_240622_W_7_EX_230224,BS_240622_W_7,2023-02-24,4.0,0.0191709960451851,2
EX_LY_S_2022_SP_010_BS_240622_W_1_EX_230224,BS_240622_W_1,2023-02-24,4.0,0.1826752810376879,2
EX_LY_S_2022_SP_010_BS_240622_W_2_EX_230224,BS_240622_W_2,2023-02-24,4.0,0.0354488879003651,2
EX_LY_S_2022_SP_010_BS_240622_W_3_EX_230224,BS_240622_W_3,2023-02-24,4.0,0.100518647457068,2
EX_LY_S_2022_SP_010_BS_240622_W_4_EX_230224,BS_240622_W_4,2023-02-24,4.0,0.058729596978462,2
EX_LY_S_2022_SP_010_BS_240622_W_5_EX_230224,BS_240622_W_5,2023-02-24,4.0,0.1354344850912111,2
EX_LY_S_2022_SP_010_BS_240622_W_6_EX_230224,BS_240622_W_6,2023-02-24,4.0,0.0082654147162427,2
EX_LY_S_2022_SP_010_BS_240622_W_7_EX_230224,BS_240622_W_7,2023-02-24,4.0,0.0324052753998974,2
EX_LY_S_2022_SP_011_BS_240622_W_1_EX_230224,BS_240622_W_1,2023-02-24,4.0,0.0027990364959658,2
EX_LY_S_2022_SP_011_BS_240622_W_2_EX_230224,BS_240622_W_2,2023-02-24,4.0,0.0039173968584316,2
EX_LY_S_2022_SP_011_BS_240622_W_3_EX_230228,BS_240622_W_3,2023-02-28,4.0,0.0686485127165934,2
EX_LY_S_2022_SP_011_BS_240622_W_4_EX_230228,BS_240622_W_4,2023-02-28,4.0,0.0809755614221279,2
EX_LY_S_2022_SP_011_BS_240622_W_5_EX_230228,BS_240622_W_5,2023-02-28,4.0,0.0868976453601946,2
EX_LY_S_2022_SP_011_BS_240622_W_6_EX_230228,BS_240622_W_6,2023-02-28,4.0,0.0330888339765821,2
EX_LY_S_2022_SP_011_BS_240622_W_7_EX_230228,BS_240622_W_7,2023-02-28,4.0,0.0180839915807323,2
EX_LY_S_2022_SP_012_BS_240622_W_1_EX_221104,BS_240622_W_1,2022-11-04,4.0,0.11,2
EX_LY_S_2022_SP_012_BS_240622_W_2_EX_221104,BS_240622_W_2,2022-11-04,4.0,0.365,2
EX_LY_S_2022_SP_012_BS_240622_W_3_EX_221104,BS_240622_W_3,2022-11-04,4.0,3.7,2
EX_LY_S_2022_SP_012_BS_240622_W_4_EX_221104,BS_240622_W_4,2022-11-04,4.0,0.098,2
EX_LY_S_2022_SP_012_BS_240622_W_5_EX_221104,BS_240622_W_5,2022-11-04,4.0,0.068,2
EX_LY_S_2022_SP_012_BS_240622_W_6_EX_221104,BS_240622_W_6,2022-11-04,4.0,0.052,2
EX_LY_S_2022_SP_012_BS_240622_W_7_EX_221104,BS_240622_W_7,2022-11-04,4.0,0.0,2
EX_LY_S_2022_SP_013_BS_240622_W_1_EX_230228,BS_240622_W_1,2023-02-28,4.0,0.1891826750719983,2
EX_LY_S_2022_SP_013_BS_240622_W_2_EX_230228,BS_240622_W_2,2023-02-28,4.0,0.2347302525257698,2
EX_LY_S_2022_SP_013_BS_240622_W_3_EX_230228,BS_240622_W_3,2023-02-28,4.0,0.06868823018741,2
EX_LY_S_2022_SP_013_BS_240622_W_4_EX_230228,BS_240622_W_4,2023-02-28,4.0,0.0456625490798193,2
EX_LY_S_2022_SP_013_BS_240622_W_5_EX_230228,BS_240622_W_5,2023-02-28,4.0,0.1929328404743603,2
EX_LY_S_2022_SP_013_BS_240622_W_6_EX_230228,BS_240622_W_6,2023-02-28,4.0,0.1893060082708497,2
EX_LY_S_2022_SP_013_BS_240622_W_7_EX_230228,BS_240622_W_7,2023-02-28,4.0,0.0569987514081411,2
EX_LY_S_2022_SP_014_BS_240622_W_1_EX_230228,BS_240622_W_1,2023-02-28,4.0,0.0067331565000044,2
EX_LY_S_2022_SP_014_BS_240622_W_2_EX_230228,BS_240622_W_2,2023-02-28,5.0,0.0967845137989003,3
EX_LY_S_2022_SP_014_BS_240622_W_3_EX_230228,BS_240622_W_3,2023-02-28,5.0,0.0134908532057695,3
EX_LY_S_2022_SP_014_BS_240622_W_4_EX_230228,BS_240622_W_4,2023-02-28,5.0,0.0199742700003649,3
EX_LY_S_2022_SP_014_BS_240622_W_5_EX_230228,BS_240622_W_5,2023-02-28,5.0,0.0142164188287249,3
EX_LY_S_2022_SP_014_BS_240622_W_6_EX_230228,BS_240622_W_6,2023-02-28,5.0,0.1351694810975304,3
EX_LY_S_2022_SP_014_BS_240622_W_7_EX_230228,BS_240622_W_7,2023-02-28,5.0,0.0132532410719362,3
EX_LY_S_2022_SP_015_BS_240622_W_1_EX_230228,BS_240622_W_1,2023-02-28,5.0,0.1499756871870202,3
EX_LY_S_2022_SP_015_BS_240622_W_2_EX_230228,BS_240622_W_2,2023-02-28,5.0,0.1589582744606841,3
EX_LY_S_2022_SP_015_BS_240622_W_3_EX_230228,BS_240622_W_3,2023-02-28,5.0,0.1044581127995716,3
EX_LY_S_2022_SP_015_BS_240622_W_4_EX_230228,BS_240622_W_4,2023-02-28,5.0,0.013289307199393,3
EX_LY_S_2022_SP_015_BS_240622_W_5_EX_230228,BS_240622_W_5,2023-02-28,5.0,0.0267377296669781,3
EX_LY_S_2022_SP_015_BS_240622_W_6_EX_230228,BS_240622_W_6,2023-02-28,5.0,0.755492022596914,3
EX_LY_S_2022_SP_015_BS_240622_W_7_EX_230228,BS_240622_W_7,2023-02-28,5.0,0.1118156028007681,3
EX_LY_S_2022_SP_016_BS_240622_W_1_EX_230228,BS_240622_W_1,2023-02-28,5.0,0.2334220984376153,3
EX_LY_S_2022_SP_016_BS_240622_W_2_EX_230228,BS_240622_W_2,2023-02-28,5.0,0.1091658032011446,3
EX_LY_S_2022_SP_016_BS_240622_W_3_EX_230228,BS_240622_W_3,2023-02-28,5.0,0.0505031861241302,3
EX_LY_S_2022_SP_016_BS_240622_W_4_EX_230228,BS_240622_W_4,2023-02-28,5.0,0.1416486548183073,3
EX_LY_S_2022_SP_016_BS_240622_W_5_EX_230228,BS_240622_W_5,2023-02-28,5.0,0.0245079943753813,3
EX_LY_S_2022_SP_016_BS_240622_W_6_EX_230301,BS_240622_W_6,2023-03-01,5.0,0.034689250002758,3
EX_LY_S_2022_SP_016_BS_240622_W_7_EX_230301,BS_240622_W_7,2023-03-01,5.0,0.7242736069776501,3
EX_LY_S_2022_SP_017_BS_240622_W_1_EX_230301,BS_240622_W_1,2023-03-01,5.0,0.0044212829188274,3
EX_LY_S_2022_SP_017_BS_240622_W_2_EX_230301,BS_240622_W_2,2023-03-01,5.0,0.0190323076126684,3
EX_LY_S_2022_SP_017_BS_240622_W_3_EX_230301,BS_240622_W_3,2023-03-01,5.0,0.1064247775144243,3
EX_LY_S_2022_SP_017_BS_240622_W_4_EX_230301,BS_240622_W_4,2023-03-01,5.0,0.2201476419965868,3
EX_LY_S_2022_SP_017_BS_240622_W_5_EX_230301,BS_240622_W_5,2023-03-01,5.0,0.2461343475976989,3
EX_LY_S_2022_SP_017_BS_240622_W_6_EX_230301,BS_240622_W_6,2023-03-01,5.0,0.7607279756888843,3
EX_LY_S_2022_SP_017_BS_240622_W_7_EX_230301,BS_240622_W_7,2023-03-01,5.0,0.0086070752407307,3
EX_LY_S_2022_SP_018_BS_240622_W_1_EX_230301,BS_240622_W_1,2023-03-01,5.0,0.0671636154722838,3
EX_LY_S_2022_SP_018_BS_240622_W_2_EX_230301,BS_240622_W_2,2023-03-01,5.0,0.3504015220754402,3
EX_LY_S_2022_SP_018_BS_240622_W_3_EX_230301,BS_240622_W_3,2023-03-01,5.0,0.4729605877845299,3
EX_LY_S_2022_SP_018_BS_240622_W_4_EX_230301,BS_240622_W_4,2023-03-01,5.0,0.0070138010219018,2
EX_LY_S_2022_SP_018_BS_240622_W_5_EX_230301,BS_240622_W_5,2023-03-01,5.0,0.0135184331855895,3
EX_LY_S_2022_SP_018_BS_240622_W_6_EX_230301,BS_240622_W_6,2023-03-01,5.0,0.0169447152939898,3
EX_LY_S_2022_SP_018_BS_240622_W_7_EX_230301,BS_240622_W_7,2023-03-01,5.0,0.3265278672359174,3
EX_LY_S_2022_SP_019_BS_240622_W_1_EX_230301,BS_240622_W_1,2023-03-01,5.0,0.0245758835564765,3
EX_LY_S_2022_SP_019_BS_240622_W_2_EX_230303,BS_240622_W_2,2023-03-03,5.0,0.2809975636270134,1
EX_LY_S_2022_SP_019_BS_240622_W_2_EX_230308,BS_240622_W_2,2023-03-08,5.0,0.0846047704030326,2
EX_LY_S_2022_SP_019_BS_240622_W_3_EX_230303,BS_240622_W_3,2023-03-03,5.0,1.2741590015538136,3
EX_LY_S_2022_SP_019_BS_240622_W_4_EX_230303,BS_240622_W_4,2023-03-03,5.0,0.4422195179698419,3
EX_LY_S_2022_SP_019_BS_240622_W_5_EX_230303,BS_240622_W_5,2023-03-03,5.0,0.2441507105875723,3
EX_LY_S_2022_SP_019_BS_240622_W_6_EX_230303,BS_240622_W_6,2023-03-03,5.0,0.1495322859729919,3
EX_LY_S_2022_SP_019_BS_240622_W_7_EX_230303,BS_240622_W_7,2023-03-03,5.0,0.5054858701398772,3
EX_LY_S_2022_SP_020_BS_240622_W_1_EX_230303,BS_240622_W_1,2023-03-03,5.0,0.0047182980861191,3
EX_LY_S_2022_SP_020_BS_240622_W_2_EX_230303,BS_240622_W_2,2023-03-03,5.0,0.486025012071545,3
EX_LY_S_2022_SP_020_BS_240622_W_3_EX_230303,BS_240622_W_3,2023-03-03,5.0,0.0378079092593205,3
EX_LY_S_2022_SP_020_BS_240622_W_4_EX_230303,BS_240622_W_4,2023-03-03,5.0,0.0031186592565625,3
EX_LY_S_2022_SP_020_BS_240622_W_5_EX_230303,BS_240622_W_5,2023-03-03,5.0,0.156444253223251,3
EX_LY_S_2022_SP_020_BS_240622_W_6_EX_230303,BS_240622_W_6,2023-03-03,5.0,0.0112908194309019,3
EX_LY_S_2022_SP_020_BS_240622_W_7_EX_230303,BS_240622_W_7,2023-03-03,5.0,0.1083362822696371,3
EX_LY_S_2022_SP_021_BS_240622_W_1_EX_230303,BS_240622_W_1,2023-03-03,5.0,0.2012999080950211,3
EX_LY_S_2022_SP_021_BS_240622_W_2_EX_230303,BS_240622_W_2,2023-03-03,5.0,0.1995432755341817,3
EX_LY_S_2022_SP_021_BS_240622_W_3_EX_230303,BS_240622_W_3,2023-03-03,5.0,0.1810922690346413,3
EX_LY_S_2022_SP_021_BS_240622_W_4_EX_230303,BS_240622_W_4,2023-03-03,5.0,0.1153712986606313,3
EX_LY_S_2022_SP_021_BS_240622_W_5_EX_230303,BS_240622_W_5,2023-03-03,5.0,0.2456357864240307,3
EX_LY_S_2022_SP_021_BS_240622_W_6_EX_230303,BS_240622_W_6,2023-03-03,5.0,0.0788235823253911,3
EX_LY_S_2022_SP_021_BS_240622_W_7_EX_230303,BS_240622_W_7,2023-03-03,5.0,0.0642316514637331,3
EX_LY_S_2022_SP_022_BS_240622_W_1_EX_230303,BS_240622_W_1,2023-03-03,5.0,0.8546187131436,3
EX_LY_S_2022_SP_022_BS_240622_W_2_EX_230303,BS_240622_W_2,2023-03-03,5.0,0.0204197927513024,3
EX_LY_S_2022_SP_022_BS_240622_W_3_EX_230303,BS_240622_W_3,2023-03-03,5.0,0.0604362219331274,3
EX_LY_S_2022_SP_022_BS_240622_W_4_EX_230303,BS_240622_W_4,2023-03-03,5.0,0.1179595736898873,1
EX_LY_S_2022_SP_022_BS_240622_W_4_EX_230308,BS_240622_W_4,2023-03-08,5.0,0.0042388307446339,2
EX_LY_S_2022_SP_022_BS_240622_W_5_EX_230308,BS_240622_W_5,2023-03-08,5.0,0.1838905762179107,3
EX_LY_S_2022_SP_022_BS_240622_W_6_EX_230308,BS_240622_W_6,2023-03-08,5.0,0.3979621365064736,3
EX_LY_S_2022_SP_022_BS_240622_W_7_EX_230308,BS_240622_W_7,2023-03-08,5.0,0.050885062767791,3
EX_LY_S_2022_SP_023_BS_240622_W_1_EX_230308,BS_240622_W_1,2023-03-08,5.0,0.6259509789195606,3
EX_LY_S_2022_SP_023_BS_240622_W_2_EX_230308,BS_240622_W_2,2023-03-08,5.0,0.0791502990094119,3
EX_LY_S_2022_SP_023_BS_240622_W_3_EX_230308,BS_240622_W_3,2023-03-08,5.0,0.1991041173939719,3
EX_LY_S_2022_SP_023_BS_240622_W_4_EX_230308,BS_240622_W_4,2023-03-08,5.0,0.2002624765464094,3
EX_LY_S_2022_SP_023_BS_240622_W_5_EX_230308,BS_240622_W_5,2023-03-08,5.0,0.0085794952609108,3
EX_LY_S_2022_SP_023_BS_240622_W_6_EX_230308,BS_240622_W_6,2023-03-08,5.0,0.3744852090689762,3
EX_LY_S_2022_SP_023_BS_240622_W_7_EX_230308,BS_240622_W_7,2023-03-08,5.0,0.4354560583032287,3
EX_LY_S_2022_SP_024_BS_240622_W_1_EX_230308,BS_240622_W_1,2023-03-08,5.0,0.1728734350482989,3
EX_LY_S_2022_SP_024_BS_240622_W_2_EX_230308,BS_240622_W_2,2023-03-08,5.0,0.0853664021534448,3
EX_LY_S_2022_SP_024_BS_240622_W_3_EX_230308,BS_240622_W_3,2023-03-08,5.0,0.0979831821526131,3
EX_LY_S_2022_SP_024_BS_240622_W_4_EX_230308,BS_240622_W_4,2023-03-08,5.0,0.2395787985481898,3
EX_LY_S_2022_SP_024_BS_240622_W_5_EX_230308,BS_240622_W_5,2023-03-08,5.0,0.3298098848344904,3
EX_LY_S_2022_SP_024_BS_240622_W_6_EX_230308,BS_240622_W_6,2023-03-08,5.0,0.0223249328957875,3
EX_LY_S_2022_SP_024_BS_240622_W_7_EX_230308,BS_240622_W_7,2023-03-08,5.0,0.3881670005965761,3
EX_LY_T_2020_SP_001_BS_200603_W_1_EX_210109,BS_200603_W_1,2021-01-09,1.0,0.442,2
EX_LY_T_2020_SP_002_BS_200603_W_1_EX_210109,BS_200603_W_1,2021-01-09,1.0,0.63,2
EX_LY_T_2020_SP_003_BS_200603_W_1_EX_210109,BS_200603_W_1,2021-01-09,1.0,0.679,2
EX_LY_T_2020_SP_004_BS_200603_W_1_EX_210109,BS_200603_W_1,2021-01-09,1.0,2.17,2
EX_LY_T_2020_SP_005_BS_200603_W_1_EX_210109,BS_200603_W_1,2021-01-09,1.0,0.306,2
EX_LY_T_2020_SP_006_BS_200603_W_1_EX_210109,BS_200603_W_1,2021-01-09,1.0,0.467,2
EX_LY_T_2020_SP_007_BS_200603_W_1_EX_210109,BS_200603_W_1,2021-01-09,1.0,0.144,2
EX_LY_T_2020_SP_008_BS_200603_W_1_EX_210109,BS_200603_W_1,2021-01-09,1.0,0.614,2
EX_LY_T_2020_SP_009_BS_200603_W_1_EX_210109,BS_200603_W_1,2021-01-09,1.0,1.27,2
EX_LY_T_2020_SP_010_BS_200603_W_1_EX_210109,BS_200603_W_1,2021-01-09,1.0,0.315,2
EX_LY_T_2020_SP_011_BS_200603_W_1_EX_210109,BS_200603_W_1,2021-01-09,1.0,0.377,2
EX_LY_T_2020_SP_012_BS_200603_W_1_EX_210109,BS_200603_W_1,2021-01-09,1.0,0.189,2
EX_LY_T_2020_SP_013_BS_200603_W_1_EX_210109,BS_200603_W_1,2021-01-09,1.0,0.244,2
EX_LY_T_2020_SP_014_BS_200603_W_1_EX_210109,BS_200603_W_1,2021-01-09,1.0,0.451,2
EX_LY_T_2020_SP_015_BS_200603_W_1_EX_210109,BS_200603_W_1,2021-01-09,1.0,0.828,2
EX_LY_T_2020_SP_016_BS_200603_W_1_EX_210109,BS_200603_W_1,2021-01-09,1.0,0.142,2
EX_LY_T_2020_SP_017_BS_200603_W_1_EX_210109,BS_200603_W_1,2021-01-09,1.0,0.304,2
EX_LY_T_2020_SP_018_BS_200603_W_1_EX_210109,BS_200603_W_1,2021-01-09,1.0,0.421,2
EX_LY_T_2020_SP_019_BS_200603_W_1_EX_210109,BS_200603_W_1,2021-01-09,1.0,1.9,2
EX_LY_T_2020_SP_020_BS_200603_W_1_EX_210109,BS_200603_W_1,2021-01-09,1.0,1.1,2
EX_LY_T_2020_SP_021_BS_200603_W_1_EX_210109,BS_200603_W_1,2021-01-09,1.0,0.396,2
EX_LY_T_2020_SP_022_BS_200603_W_1_EX_210109,BS_200603_W_1,2021-01-09,1.0,0.91,2
EX_LY_T_2020_SP_023_BS_200603_W_1_EX_210109,BS_200603_W_1,2021-01-09,1.0,1.43,2
EX_LY_T_2020_SP_024_BS_200603_W_1_EX_210109,BS_200603_W_1,2021-01-09,1.0,2.12,2
EX_LY_T_2020_SP_025_BS_200603_W_1_EX_210109,BS_200603_W_1,2021-01-09,1.0,0.622,2
EX_LY_T_2020_SP_026_BS_200603_W_1_EX_210109,BS_200603_W_1,2021-01-09,1.0,0.855,2
EX_LY_T_2020_SP_027_BS_200603_W_1_EX_210109,BS_200603_W_1,2021-01-09,1.0,0.962,2
EX_LY_T_2020_SP_028_BS_200603_W_1_EX_210109,BS_200603_W_1,2021-01-09,1.0,0.571,2
EX_LY_T_2020_SP_029_BS_200603_W_1_EX_210109,BS_200603_W_1,2021-01-09,1.0,0.532,2
EX_LY_T_2020_SP_030_BS_200603_W_1_EX_210109,BS_200603_W_1,2021-01-09,1.0,0.706,2
EX_LY_T_2020_SP_031_BS_200603_W_1_EX_210109,BS_200603_W_1,2021-01-09,1.0,0.497,2
EX_LY_T_2020_SP_032_BS_200603_W_1_EX_210109,BS_200603_W_1,2021-01-09,1.0,0.579,2
EX_LY_T_2020_SP_033_BS_200603_W_1_EX_210109,BS_200603_W_1,2021-01-09,1.0,3.0,2
EX_LY_T_2020_SP_034_BS_200603_W_1_EX_210109,BS_200603_W_1,2021-01-09,1.0,1.04,2
EX_LY_T_2020_SP_035_BS_200603_W_1_EX_210109,BS_200603_W_1,2021-01-09,1.0,0.948,2
EX_LY_T_2020_SP_036_BS_200603_W_1_EX_210109,BS_200603_W_1,2021-01-09,1.0,1.33,2
EX_LY_T_2020_SP_037_BS_200603_W_1_EX_210109,BS_200603_W_1,2021-01-09,1.0,2.09,2
EX_LY_T_2020_SP_038_BS_200603_W_1_EX_210109,BS_200603_W_1,2021-01-09,1.0,1.02,2
EX_LY_T_2020_SP_039_BS_200603_W_1_EX_210109,BS_200603_W_1,2021-01-09,1.0,1.07,2
EX_LY_T_2020_SP_040_BS_200603_W_1_EX_210109,BS_200603_W_1,2021-01-09,1.0,0.828,2
EX_LY_T_2020_SP_041_BS_200603_W_1_EX_210109,BS_200603_W_1,2021-01-09,1.0,0.808,2
EX_LY_T_2020_SP_042_BS_200603_W_1_EX_210109,BS_200603_W_1,2021-01-09,1.0,0.437,2
EX_LY_T_2020_SP_043_BS_200603_W_1_EX_210109,BS_200603_W_1,2021-01-09,1.0,1.03,2
EX_LY_T_2020_SP_044_BS_200603_W_1_EX_210109,BS_200603_W_1,2021-01-09,1.0,1.19,2
EX_LY_T_2020_SP_045_BS_200603_W_1_EX_210109,BS_200603_W_1,2021-01-09,1.0,1.62,2
EX_LY_T_2020_SP_046_BS_200603_W_1_EX_210109,BS_200603_W_1,2021-01-09,1.0,0.571,2
EX_LY_T_2020_SP_047_BS_200603_W_1_EX_210109,BS_200603_W_1,2021-01-09,1.0,2.2,2
EX_LY_T_2020_SP_048_BS_200603_W_1_EX_210109,BS_200603_W_1,2021-01-09,1.0,3.3,2
EX_LY_T_2020_SP_049_BS_200603_W_1_EX_210109,BS_200603_W_1,2021-01-09,1.0,0.311,2
EX_LY_T_2020_SP_050_BS_200603_W_1_EX_210109,BS_200603_W_1,2021-01-09,1.0,0.34,2
EX_LY_T_2021_SP_001_BS_210615_C_1_EX_000000,BS_210615_C_1,,1/2,56.26314417311202,2
EX_LY_T_2021_SP_002_BS_210615_C_1_EX_000000,BS_210615_C_1,,1/2,56.26314417311202,2
EX_LY_T_2021_SP_003_BS_210615_C_1_EX_000000,BS_210615_C_1,,1/2,51.566003302337705,2
EX_LY_T_2021_SP_004_BS_210615_C_1_EX_000000,BS_210615_C_1,,1/2,56.26314417311202,2
EX_LY_T_2021_SP_005_BS_210615_C_1_EX_000000,BS_210615_C_1,,1/2,45.66264013209351,2
EX_LY_T_2021_SP_006_BS_210615_C_1_EX_000000,BS_210615_C_1,,1/2,56.26314417311202,2
EX_LY_T_2021_SP_007_BS_210615_C_1_EX_000000,BS_210615_C_1,,1/2,40.11123663856783,2
EX_LY_T_2021_SP_008_BS_210615_C_1_EX_000000,BS_210615_C_1,,1/2,56.26314417311202,2
EX_LY_T_2021_SP_009_BS_210615_C_1_EX_000000,BS_210615_C_1,,1/2,56.26314417311202,2
EX_LY_T_2021_SP_010_BS_210615_C_1_EX_000000,BS_210615_C_1,,1/2,56.16581211436517,2
EX_LY_T_2021_SP_011_BS_210615_C_1_EX_000000,BS_210615_C_1,,1/2,49.85313287564092,2
EX_LY_T_2021_SP_012_BS_210615_C_1_EX_000000,BS_210615_C_1,,1/2,52.78352307291214,2
EX_LY_T_2021_SP_013_BS_210615_C_1_EX_000000,BS_210615_C_1,,1/2,45.32545407143478,2
EX_LY_T_2021_SP_014_BS_210615_C_1_EX_000000,BS_210615_C_1,,1/2,56.26314417311202,2
EX_LY_T_2021_SP_015_BS_210615_C_1_EX_000000,BS_210615_C_1,,1/2,56.26314417311202,2
EX_LY_T_2021_SP_016_BS_210615_C_1_EX_000000,BS_210615_C_1,,1/2,56.26314417311202,2
EX_LY_T_2021_SP_017_BS_210615_C_1_EX_000000,BS_210615_C_1,,1/2,56.26314417311202,2
EX_LY_T_2021_SP_018_BS_210615_C_1_EX_000000,BS_210615_C_1,,1/2,56.26314417311202,2
EX_LY_T_2021_SP_019_BS_210615_C_1_EX_000000,BS_210615_C_1,,1/2,6.878421830190319,2
EX_LY_T_2021_SP_020_BS_210615_C_1_EX_000000,BS_210615_C_1,,1/2,40.35282871295733,2
EX_LY_T_2021_SP_021_BS_210615_C_1_EX_000000,BS_210615_C_1,,1/2,49.43251933605632,2
EX_LY_T_2021_SP_022_BS_210615_C_1_EX_000000,BS_210615_C_1,,1/2,35.74693664725819,2
EX_LY_T_2021_SP_023_BS_210615_C_1_EX_000000,BS_210615_C_1,,1/2,46.54384287824802,2
EX_LY_T_2021_SP_024_BS_210615_C_1_EX_000000,BS_210615_C_1,,1/2,33.84461632050056,2
EX_LY_T_2021_SP_025_BS_210615_C_1_EX_000000,BS_210615_C_1,,1/2,32.40027809159642,2
EX_LY_T_2021_SP_026_BS_210615_C_1_EX_000000,BS_210615_C_1,,1/2,20.51794559833145,2
EX_LY_T_2021_SP_027_BS_210615_C_1_EX_000000,BS_210615_C_1,,1/2,10.958546971408708,2
EX_LY_T_2021_SP_028_BS_210615_C_1_EX_000000,BS_210615_C_1,,1/2,56.26314417311202,2
EX_LY_T_2021_SP_029_BS_210615_C_1_EX_000000,BS_210615_C_1,,1/2,34.17571912748762,2
EX_LY_T_2021_SP_030_BS_210615_C_1_EX_000000,BS_210615_C_1,,1/2,43.50829929608064,2
EX_LY_T_2021_SP_031_BS_210615_C_1_EX_000000,BS_210615_C_1,,1/2,39.847918658208044,2
EX_LY_T_2021_SP_032_BS_210615_C_1_EX_000000,BS_210615_C_1,,1/2,42.15086469105762,2
EX_LY_T_2021_SP_033_BS_210615_C_1_EX_000000,BS_210615_C_1,,1/2,3.936734161814548,2
EX_LY_T_2021_SP_034_BS_210615_C_1_EX_000000,BS_210615_C_1,,1/2,9.14486834100982,2
EX_LY_T_2021_SP_035_BS_210615_C_1_EX_000000,BS_210615_C_1,,1/2,3.952376814113149,2
EX_LY_T_2021_SP_036_BS_210615_C_1_EX_000000,BS_210615_C_1,,1/2,51.698965846875815,2
EX_LY_T_2021_SP_037_BS_210615_C_1_EX_000000,BS_210615_C_1,,1/2,19.657599721908404,2
EX_LY_T_2021_SP_038_BS_210615_C_1_EX_000000,BS_210615_C_1,,1/2,38.35578343616929,2
EX_LY_T_2021_SP_039_BS_210615_C_1_EX_000000,BS_210615_C_1,,1/2,56.26314417311202,2
EX_LY_T_2021_SP_040_BS_210615_C_1_EX_000000,BS_210615_C_1,,1/2,29.383853306682887,2
EX_LY_T_2021_SP_041_BS_210615_C_1_EX_000000,BS_210615_C_1,,1/2,56.26314417311202,2
EX_LY_T_2021_SP_042_BS_210615_C_1_EX_000000,BS_210615_C_1,,1/2,43.68732076127574,2
EX_LY_T_2021_SP_043_BS_210615_C_1_EX_000000,BS_210615_C_1,,1/2,52.35508820717824,2
EX_LY_T_2021_SP_044_BS_210615_C_1_EX_000000,BS_210615_C_1,,1/2,40.4206135395846,2
EX_LY_T_2021_SP_045_BS_210615_C_1_EX_000000,BS_210615_C_1,,1/2,56.26314417311202,2
EX_LY_T_2021_SP_046_BS_210615_C_1_EX_000000,BS_210615_C_1,,1/2,56.26314417311202,2
EX_LY_T_2021_SP_047_BS_210615_C_1_EX_000000,BS_210615_C_1,,1/2,44.87876944468584,2
EX_LY_T_2021_SP_048_BS_210615_C_1_EX_000000,BS_210615_C_1,,1/2,54.00017380724776,2
EX_LY_T_2021_SP_049_BS_210615_C_1_EX_000000,BS_210615_C_1,,2/2,55.87,2
EX_LY_T_2021_SP_050_BS_210615_C_1_EX_000000,BS_210615_C_1,,2/2,55.87,2
EX_LY_T_2021_SP_051_BS_210615_C_1_EX_000000,BS_210615_C_1,,2/2,55.87,2
EX_LY_T_2021_SP_052_BS_210615_C_1_EX_000000,BS_210615_C_1,,2/2,55.87,2
EX_LY_T_2021_SP_053_BS_210615_C_1_EX_000000,BS_210615_C_1,,2/2,32.27,2
EX_LY_T_2021_SP_054_BS_210615_C_1_EX_000000,BS_210615_C_1,,2/2,55.87,2
EX_LY_T_2021_SP_055_BS_210615_C_1_EX_000000,BS_210615_C_1,,2/2,55.87,2
EX_LY_T_2021_SP_056_BS_210615_C_1_EX_000000,BS_210615_C_1,,2/2,55.87,2
EX_LY_T_2021_SP_057_BS_210615_C_1_EX_000000,BS_210615_C_1,,2/2,55.87,2
EX_LY_T_2021_SP_058_BS_210615_C_1_EX_000000,BS_210615_C_1,,2/2,55.87,2
EX_LY_T_2021_SP_059_BS_210615_C_1_EX_000000,BS_210615_C_1,,2/2,55.87,2
EX_LY_T_2021_SP_060_BS_210615_C_1_EX_000000,BS_210615_C_1,,2/2,55.87,2
EX_LY_T_2021_SP_061_BS_210615_C_1_EX_000000,BS_210615_C_1,,2/2,55.87,2
EX_LY_T_2021_SP_062_BS_210615_C_1_EX_000000,BS_210615_C_1,,2/2,54.9,2
EX_LY_T_2021_SP_063_BS_210615_C_1_EX_000000,BS_210615_C_1,,2/2,55.87,2
EX_LY_T_2021_SP_064_BS_210615_C_1_EX_000000,BS_210615_C_1,,2/2,55.87,2
EX_LY_T_2021_SP_065_BS_210615_C_1_EX_000000,BS_210615_C_1,,1/2,46.60380637872599,2
EX_LY_T_2021_SP_066_BS_210615_C_1_EX_000000,BS_210615_C_1,,1/2,30.36065003910663,2
EX_LY_T_2021_SP_067_BS_210615_C_1_EX_000000,BS_210615_C_1,,1/2,4.188754671069784,2
EX_LY_T_2021_SP_068_BS_210615_C_1_EX_000000,BS_210615_C_1,,1/2,29.63934996089337,2
EX_LY_T_2021_SP_069_BS_210615_C_1_EX_000000,BS_210615_C_1,,1/2,23.18241070652646,2
EX_LY_T_2021_SP_070_BS_210615_C_1_EX_000000,BS_210615_C_1,,1/2,18.49917441557313,2
EX_LY_T_2021_SP_071_BS_210615_C_1_EX_000000,BS_210615_C_1,,1/2,17.67445902494134,2
EX_LY_T_2021_SP_072_BS_210615_C_1_EX_000000,BS_210615_C_1,,1/2,30.707395498392284,2
EX_LY_T_2021_SP_073_BS_210615_C_1_EX_000000,BS_210615_C_1,,1/2,28.22108281915356,2
EX_LY_T_2021_SP_074_BS_210615_C_1_EX_000000,BS_210615_C_1,,1/2,21.285304597201705,2
EX_LY_T_2021_SP_075_BS_210615_C_1_EX_000000,BS_210615_C_1,,1/2,25.413226731554705,2
EX_LY_T_2021_SP_076_BS_210615_C_1_EX_000000,BS_210615_C_1,,1/2,19.840097332058747,2
EX_LY_T_2021_SP_077_BS_210615_C_1_EX_000000,BS_210615_C_1,,1/2,34.47640566611628,2
EX_LY_T_2021_SP_078_BS_210615_C_1_EX_000000,BS_210615_C_1,,1/2,39.478578256713305,2
EX_LY_T_2021_SP_079_BS_210615_C_1_EX_000000,BS_210615_C_1,,1/2,37.84044494655427,2
EX_LY_T_2021_SP_080_BS_210615_C_1_EX_000000,BS_210615_C_1,,1/2,23.89675849482924,2
EX_LY_T_2021_SP_081_BS_210615_C_1_EX_000000,BS_210615_C_1,,1/2,56.26314417311202,2
EX_LY_T_2021_SP_082_BS_210615_C_1_EX_000000,BS_210615_C_1,,1/2,56.26314417311202,2
EX_LY_T_2021_SP_083_BS_210615_C_1_EX_000000,BS_210615_C_1,,1/2,56.26314417311202,2
EX_LY_T_2021_SP_084_BS_210615_C_1_EX_000000,BS_210615_C_1,,1/2,53.99061440862084,2
EX_LY_T_2021_SP_085_BS_210615_C_1_EX_000000,BS_210615_C_1,,1/2,56.26314417311202,2
EX_LY_T_2021_SP_086_BS_210615_C_1_EX_000000,BS_210615_C_1,,1/2,56.26314417311202,2
EX_LY_T_2021_SP_087_BS_210615_C_1_EX_000000,BS_210615_C_1,,1/2,56.26314417311202,2
EX_LY_T_2021_SP_088_BS_210615_C_1_EX_000000,BS_210615_C_1,,1/2,56.26314417311202,2
EX_LY_T_2021_SP_089_BS_210615_C_1_EX_000000,BS_210615_C_1,,1/2,55.87,2
EX_LY_T_2021_SP_090_BS_210615_C_1_EX_000000,BS_210615_C_1,,1/2,55.87,2
EX_LY_T_2021_SP_091_BS_210615_C_1_EX_000000,BS_210615_C_1,,1/2,56.26314417311202,2
EX_LY_T_2021_SP_092_BS_210615_C_1_EX_000000,BS_210615_C_1,,1/2,56.26314417311202,2
EX_LY_T_2021_SP_093_BS_210615_C_1_EX_000000,BS_210615_C_1,,1/2,56.26314417311202,2
EX_LY_T_2021_SP_094_BS_210615_C_1_EX_000000,BS_210615_C_1,,1/2,56.26314417311202,2
EX_LY_T_2021_SP_095_BS_210615_C_1_EX_000000,BS_210615_C_1,,2/1,55.87,3
EX_LY_T_2021_SP_096_BS_210615_C_1_EX_000000,BS_210615_C_1,,2/1,55.87,3
EX_LY_T_2021_SP_097_BS_210615_C_1_EX_000000,BS_210615_C_1,,2/1,55.87,3
EX_LY_T_2021_SP_098_BS_210615_C_1_EX_000000,BS_210615_C_1,,2/1,37.37,3
EX_LY_T_2021_SP_099_BS_210615_C_1_EX_000000,BS_210615_C_1,,2/1,39.06,3
EX_LY_T_2021_SP_100_BS_210615_C_1_EX_000000,BS_210615_C_1,,2/1,24.54,3
EX_LY_T_2021_SP_101_BS_210615_C_1_EX_000000,BS_210615_C_1,,2/1,55.87,3
EX_LY_T_2021_SP_102_BS_210615_C_1_EX_000000,BS_210615_C_1,,2/1,42.29,3
EX_LY_T_2021_SP_103_BS_210615_C_1_EX_000000,BS_210615_C_1,,2/1,46.6,3
EX_LY_T_2021_SP_104_BS_210615_C_1_EX_000000,BS_210615_C_1,,2/1,55.87,3
EX_LY_T_2021_SP_105_BS_210615_C_1_EX_000000,BS_210615_C_1,,2/1,40.91,3
EX_LY_T_2021_SP_106_BS_210615_C_1_EX_000000,BS_210615_C_1,,2/1,40.11,3
EX_LY_T_2021_SP_107_BS_210615_C_1_EX_000000,BS_210615_C_1,,2/1,26.98,3
EX_LY_T_2021_SP_108_BS_210615_C_1_EX_000000,BS_210615_C_1,,2/1,55.87,3
EX_LY_T_2021_SP_109_BS_210615_C_1_EX_000000,BS_210615_C_1,,2/1,55.87,3
EX_LY_T_2021_SP_110_BS_210615_C_1_EX_000000,BS_210615_C_1,,2/1,55.87,3
EX_LY_T_2021_SP_111_BS_210615_C_1_EX_000000,BS_210615_C_1,,2/1,55.87,3
EX_LY_T_2021_SP_112_BS_210615_C_1_EX_000000,BS_210615_C_1,,2/1,55.87,3
EX_LY_T_2021_SP_113_BS_210615_C_1_EX_000000,BS_210615_C_1,,2/1,30.04,3
EX_LY_T_2021_SP_114_BS_210615_C_1_EX_000000,BS_210615_C_1,,2/1,55.87,3
EX_LY_T_2021_SP_115_BS_210615_C_1_EX_000000,BS_210615_C_1,,2/1,45.29,3
EX_LY_T_2021_SP_116_BS_210615_C_1_EX_000000,BS_210615_C_1,,2/1,55.87,3
EX_LY_T_2021_SP_117_BS_210615_C_1_EX_000000,BS_210615_C_1,,2/1,55.87,3
EX_LY_T_2021_SP_118_BS_210615_C_1_EX_000000,BS_210615_C_1,,2/1,47.73,3
EX_LY_T_2021_SP_119_BS_210615_C_1_EX_000000,BS_210615_C_1,,2/1,53.62,3
EX_LY_T_2021_SP_120_BS_210615_C_1_EX_000000,BS_210615_C_1,,2/1,53.48,3
EX_LY_T_2021_SP_121_BS_210615_C_1_EX_000000,BS_210615_C_1,,2/1,18.5,3
EX_LY_T_2021_SP_122_BS_210615_C_1_EX_000000,BS_210615_C_1,,2/1,30.73,3
EX_LY_T_2021_SP_123_BS_210615_C_1_EX_000000,BS_210615_C_1,,2/1,45.86,3
EX_LY_T_2021_SP_124_BS_210615_C_1_EX_000000,BS_210615_C_1,,2/1,55.82,3
EX_LY_T_2021_SP_125_BS_210615_C_1_EX_000000,BS_210615_C_1,,2/1,55.87,3
EX_LY_T_2021_SP_126_BS_210615_C_1_EX_000000,BS_210615_C_1,,2/1,55.87,3
EX_LY_T_2021_SP_127_BS_210615_C_1_EX_000000,BS_210615_C_1,,2/1,55.87,3
EX_LY_T_2021_SP_128_BS_210615_C_1_EX_000000,BS_210615_C_1,,2/1,55.87,3
EX_LY_T_2021_SP_129_BS_210615_C_1_EX_000000,BS_210615_C_1,,2/1,45.01,3
EX_LY_T_2021_SP_130_BS_210615_C_1_EX_000000,BS_210615_C_1,,2/1,38.73,3
EX_LY_T_2021_SP_131_BS_210615_C_1_EX_000000,BS_210615_C_1,,2/1,40.93,3
EX_LY_T_2021_SP_132_BS_210615_C_1_EX_000000,BS_210615_C_1,,2/1,33.75,3
EX_LY_T_2021_SP_133_BS_210615_C_1_EX_000000,BS_210615_C_1,,2/1,55.87,3
EX_LY_T_2021_SP_134_BS_210615_C_1_EX_000000,BS_210615_C_1,,2/1,32.67,3
EX_LY_T_2021_SP_135_BS_210615_C_1_EX_000000,BS_210615_C_1,,2/1,55.87,3
EX_LY_T_2021_SP_136_BS_210615_C_1_EX_000000,BS_210615_C_1,,2/1,55.87,3
EX_LY_T_2021_SP_137_BS_210615_C_1_EX_000000,BS_210615_C_1,,2/1,55.87,3
EX_LY_T_2021_SP_138_BS_210615_C_1_EX_000000,BS_210615_C_1,,2/1,55.87,3
EX_LY_T_2021_SP_139_BS_210615_C_1_EX_000000,BS_210615_C_1,,2/1,51.56,3
EX_LY_T_2021_SP_140_BS_210615_C_1_EX_000000,BS_210615_C_1,,2/1,55.87,3
EX_LY_T_2021_SP_141_BS_210615_C_1_EX_000000,BS_210615_C_1,,2/1,55.87,3
EX_LY_T_2021_SP_142_BS_210615_C_1_EX_000000,BS_210615_C_1,,2/1,55.87,3
EX_LY_T_2021_SP_143_BS_210615_C_1_EX_000000,BS_210615_C_1,,2/1,55.87,3
EX_LY_T_2021_SP_144_BS_210615_C_1_EX_000000,BS_210615_C_1,,2/1,52.56,3
EX_LY_T_2023_SP_001_BS_230627_C_0_EX_240626,BS_230627_C_0,2024-06-26,1.0,25.56250400678341,2
EX_LY_T_2023_SP_002_BS_230627_C_0_EX_240626,BS_230627_C_0,2024-06-26,1.0,49.2153236331879,2
EX_LY_T_2023_SP_003_BS_230530_C_1_EX_240403,BS_230530_C_1,2024-04-03,2.0,41.081175999147526,3
EX_LY_T_2023_SP_003_BS_230530_C_2_EX_240619,BS_230530_C_2,2024-06-19,5.0,65.95154976322142,2
EX_LY_T_2023_SP_003_BS_230530_W_1_EX_230809,BS_230530_W_1,2023-08-09,,0.1330774775299509,1
EX_LY_T_2023_SP_003_BS_230606_C_1_EX_240403,BS_230606_C_1,2024-04-03,2.0,80.49286982496547,3
EX_LY_T_2023_SP_003_BS_230606_C_2_EX_240619,BS_230606_C_2,2024-06-19,5.0,68.9892886933265,2
EX_LY_T_2023_SP_003_BS_230606_W_1_EX_230810,BS_230606_W_1,2023-08-10,,0.354102864348766,1
EX_LY_T_2023_SP_003_BS_230613_C_1_EX_240403,BS_230613_C_1,2024-04-03,2.0,49.36023426845033,3
EX_LY_T_2023_SP_003_BS_230613_C_2_EX_240619,BS_230613_C_2,2024-06-19,5.0,47.80589705065504,2
EX_LY_T_2023_SP_003_BS_230613_W_1_EX_230614,BS_230613_W_1,2023-06-14,,0.1201562589800167,1
EX_LY_T_2023_SP_003_BS_230620_C_1_EX_240516,BS_230620_C_1,2024-05-16,3.0,18.3144682208952,3
EX_LY_T_2023_SP_003_BS_230620_C_2_EX_240619,BS_230620_C_2,2024-06-19,5.0,74.38385870582903,2
EX_LY_T_2023_SP_003_BS_230620_W_1_EX_230621,BS_230620_W_1,2023-06-21,,0.17,1
EX_LY_T_2023_SP_003_BS_230627_C_0_EX_240626,BS_230627_C_0,2024-06-26,1.0,23.174727206089585,2
EX_LY_T_2023_SP_003_BS_230627_W_1_EX_230730,BS_230627_W_1,2023-07-30,,2.613,1
EX_LY_T_2023_SP_003_BS_230704_C_1_EX_240531,BS_230704_C_1,2024-05-31,6.0,77.00979782780789,2
EX_LY_T_2023_SP_003_BS_230704_C_2_EX_240531,BS_230704_C_2,2024-05-31,6.0,66.15152425522437,2
EX_LY_T_2023_SP_003_BS_230704_W_1_EX_230705,BS_230704_W_1,2023-07-05,,0.1,3
EX_LY_T_2023_SP_003_BS_230711_C_1_EX_240516,BS_230711_C_1,2024-05-16,3.0,20.32649778125493,3
EX_LY_T_2023_SP_003_BS_230711_C_2_EX_240531,BS_230711_C_2,2024-05-31,6.0,16.768339795004874,2
EX_LY_T_2023_SP_003_BS_230711_W_1_EX_230712,BS_230711_W_1,2023-07-12,,0.4,3
EX_LY_T_2023_SP_003_BS_230718_C_1_EX_240521,BS_230718_C_1,2024-05-21,4.0,13.645756222712947,3
EX_LY_T_2023_SP_003_BS_230718_C_2_EX_240709,BS_230718_C_2,2024-07-09,7.0,39.15039196887321,2
EX_LY_T_2023_SP_003_BS_230718_W_1_EX_230719,BS_230718_W_1,2023-07-19,,0.074,3
EX_LY_T_2023_SP_004_BS_230627_C_0_EX_240626,BS_230627_C_0,2024-06-26,1.0,37.83617971194705,2
EX_LY_T_2023_SP_005_BS_230530_C_1_EX_240403,BS_230530_C_1,2024-04-03,2.0,104.456672965197,3
EX_LY_T_2023_SP_005_BS_230530_C_2_EX_240619,BS_230530_C_2,2024-06-19,5.0,67.47508481597093,2
EX_LY_T_2023_SP_005_BS_230530_W_1_EX_230809,BS_230530_W_1,2023-08-09,,0.2821383587126272,1
EX_LY_T_2023_SP_005_BS_230606_C_1_EX_240403,BS_230606_C_1,2024-04-03,2.0,80.15029209586258,3
EX_LY_T_2023_SP_005_BS_230606_C_2_EX_240619,BS_230606_C_2,2024-06-19,5.0,41.10433199817664,2
EX_LY_T_2023_SP_005_BS_230606_W_1_EX_230810,BS_230606_W_1,2023-08-10,,0.620487115761455,1
EX_LY_T_2023_SP_005_BS_230613_C_1_EX_240403,BS_230613_C_1,2024-04-03,2.0,67.6412443675191,3
EX_LY_T_2023_SP_005_BS_230613_C_2_EX_240619,BS_230613_C_2,2024-06-19,5.0,44.21780791775451,2
EX_LY_T_2023_SP_005_BS_230613_W_1_EX_230614,BS_230613_W_1,2023-06-14,,0.4007806899305378,1
EX_LY_T_2023_SP_005_BS_230620_C_1_EX_240516,BS_230620_C_1,2024-05-16,3.0,12.97477153075286,3
EX_LY_T_2023_SP_005_BS_230620_C_2_EX_240531,BS_230620_C_2,2024-05-31,6.0,66.11107945740952,2
EX_LY_T_2023_SP_005_BS_230620_W_1_EX_230621,BS_230620_W_1,2023-06-21,,0.733,1
EX_LY_T_2023_SP_005_BS_230627_C_0_EX_240626,BS_230627_C_0,2024-06-26,1.0,38.65936958328243,2
EX_LY_T_2023_SP_005_BS_230627_W_1_EX_230730,BS_230627_W_1,2023-07-30,,0.89,1
EX_LY_T_2023_SP_005_BS_230704_C_1_EX_240516,BS_230704_C_1,2024-05-16,3.0,62.49927976427811,3
EX_LY_T_2023_SP_005_BS_230704_C_2_EX_240531,BS_230704_C_2,2024-05-31,6.0,72.76951472285602,2
EX_LY_T_2023_SP_005_BS_230704_W_1_EX_230705,BS_230704_W_1,2023-07-05,,0.08,3
EX_LY_T_2023_SP_005_BS_230711_C_1_EX_240516,BS_230711_C_1,2024-05-16,3.0,37.59537230477317,3
EX_LY_T_2023_SP_005_BS_230711_C_2_EX_240531,BS_230711_C_2,2024-05-31,6.0,44.643589391636,2
EX_LY_T_2023_SP_005_BS_230711_W_1_EX_230712,BS_230711_W_1,2023-07-12,,1.98,3
EX_LY_T_2023_SP_005_BS_230718_C_1_EX_240521,BS_230718_C_1,2024-05-21,4.0,49.26725021636621,3
EX_LY_T_2023_SP_005_BS_230718_C_2_EX_240709,BS_230718_C_2,2024-07-09,7.0,20.992429943597,2
EX_LY_T_2023_SP_005_BS_230718_W_1_EX_230719,BS_230718_W_1,2023-07-19,,0.29,3
EX_LY_T_2023_SP_006_BS_230627_C_0_EX_240626,BS_230627_C_0,2024-06-26,1.0,26.716941466488777,2
EX_LY_T_2023_SP_007_BS_230627_C_0_EX_240626,BS_230627_C_0,2024-06-26,1.0,19.38209049463968,2
EX_LY_T_2023_SP_008_BS_230627_C_0_EX_240626,BS_230627_C_0,2024-06-26,1.0,38.563932538468144,2
EX_LY_T_2023_SP_009_BS_230530_C_1_EX_240403,BS_230530_C_1,2024-04-03,2.0,76.88519057789034,3
EX_LY_T_2023_SP_009_BS_230530_C_2_EX_240619,BS_230530_C_2,2024-06-19,5.0,76.57588105525505,2
EX_LY_T_2023_SP_009_BS_230530_W_1_EX_230809,BS_230530_W_1,2023-08-09,,0.4561356248111569,1
EX_LY_T_2023_SP_009_BS_230606_C_1_EX_240403,BS_230606_C_1,2024-04-03,2.0,82.24808219292628,3
EX_LY_T_2023_SP_009_BS_230606_C_2_EX_240619,BS_230606_C_2,2024-06-19,5.0,57.62806250122157,2
EX_LY_T_2023_SP_009_BS_230606_W_1_EX_230810,BS_230606_W_1,2023-08-10,,0.434652333280637,1
EX_LY_T_2023_SP_009_BS_230613_C_1_EX_240403,BS_230613_C_1,2024-04-03,2.0,49.79644395150825,3
EX_LY_T_2023_SP_009_BS_230613_C_2_EX_240619,BS_230613_C_2,2024-06-19,5.0,70.46930453110528,2
EX_LY_T_2023_SP_009_BS_230613_W_1_EX_230614,BS_230613_W_1,2023-06-14,,0.0841954731059625,1
EX_LY_T_2023_SP_009_BS_230620_C_1_EX_240516,BS_230620_C_1,2024-05-16,3.0,23.26167572819236,3
EX_LY_T_2023_SP_009_BS_230620_C_2_EX_240531,BS_230620_C_2,2024-05-31,6.0,71.14109364114543,2
EX_LY_T_2023_SP_009_BS_230620_W_1_EX_230621,BS_230620_W_1,2023-06-21,,0.988,1
EX_LY_T_2023_SP_009_BS_230627_C_0_EX_240626,BS_230627_C_0,2024-06-26,1.0,16.82005943949787,2
EX_LY_T_2023_SP_009_BS_230627_W_1_EX_230730,BS_230627_W_1,2023-07-30,,2.196,1
EX_LY_T_2023_SP_009_BS_230704_C_1_EX_240516,BS_230704_C_1,2024-05-16,3.0,33.12337370773997,3
EX_LY_T_2023_SP_009_BS_230704_C_2_EX_240531,BS_230704_C_2,2024-05-31,6.0,66.0259381941333,2
EX_LY_T_2023_SP_009_BS_230704_W_1_EX_230705,BS_230704_W_1,2023-07-05,,0.05,3
EX_LY_T_2023_SP_009_BS_230711_C_1_EX_240516,BS_230711_C_1,2024-05-16,3.0,48.62863975705376,3
EX_LY_T_2023_SP_009_BS_230711_C_2_EX_240531,BS_230711_C_2,2024-05-31,6.0,55.450778206253794,2
EX_LY_T_2023_SP_009_BS_230711_W_1_EX_230712,BS_230711_W_1,2023-07-12,,1.85,3
EX_LY_T_2023_SP_009_BS_230718_C_1_EX_240521,BS_230718_C_1,2024-05-21,4.0,38.60300466015507,3
EX_LY_T_2023_SP_009_BS_230718_C_2_EX_240709,BS_230718_C_2,2024-07-09,7.0,55.39748019036866,2
EX_LY_T_2023_SP_009_BS_230718_W_1_EX_230719,BS_230718_W_1,2023-07-19,,0.45,3
EX_LY_T_2023_SP_010_BS_230530_C_1_EX_240403,BS_230530_C_1,2024-04-03,2.0,89.33020886778468,3
EX_LY_T_2023_SP_010_BS_230530_C_2_EX_240619,BS_230530_C_2,2024-06-19,5.0,70.3666931260131,2
EX_LY_T_2023_SP_010_BS_230530_W_1_EX_230809,BS_230530_W_1,2023-08-09,,0.0708616522084172,1
EX_LY_T_2023_SP_010_BS_230606_C_1_EX_240403,BS_230606_C_1,2024-04-03,2.0,66.99473269053018,3
EX_LY_T_2023_SP_010_BS_230606_C_2_EX_240619,BS_230606_C_2,2024-06-19,5.0,54.35710723475031,2
EX_LY_T_2023_SP_010_BS_230606_W_1_EX_230810,BS_230606_W_1,2023-08-10,,0.210857852418575,1
EX_LY_T_2023_SP_010_BS_230613_W_1_EX_230614,BS_230613_W_1,2023-06-14,,0.07,1
EX_LY_T_2023_SP_010_BS_230620_C_1_EX_240516,BS_230620_C_1,2024-05-16,3.0,25.52851682983978,3
EX_LY_T_2023_SP_010_BS_230620_C_2_EX_240531,BS_230620_C_2,2024-05-31,6.0,73.54009171516158,2
EX_LY_T_2023_SP_010_BS_230620_W_1_EX_230621,BS_230620_W_1,2023-06-21,,0.24,1
EX_LY_T_2023_SP_010_BS_230627_C_0_EX_240626,BS_230627_C_0,2024-06-26,1.0,22.27666340479217,2
EX_LY_T_2023_SP_010_BS_230627_W_1_EX_230730,BS_230627_W_1,2023-07-30,,1.679,1
EX_LY_T_2023_SP_010_BS_230704_C_1_EX_240516,BS_230704_C_1,2024-05-16,3.0,18.99234884426,3
EX_LY_T_2023_SP_010_BS_230704_C_2_EX_240531,BS_230704_C_2,2024-05-31,6.0,81.07553594752622,2
EX_LY_T_2023_SP_010_BS_230704_W_1_EX_230705,BS_230704_W_1,2023-07-05,,0.16,3
EX_LY_T_2023_SP_010_BS_230711_C_1_EX_240521,BS_230711_C_1,2024-05-21,4.0,36.40918957748728,3
EX_LY_T_2023_SP_010_BS_230711_C_2_EX_240531,BS_230711_C_2,2024-05-31,6.0,16.641189033891617,2
EX_LY_T_2023_SP_010_BS_230711_W_1_EX_230712,BS_230711_W_1,2023-07-12,,3.03,3
EX_LY_T_2023_SP_010_BS_230718_C_1_EX_240521,BS_230718_C_1,2024-05-21,4.0,14.83211860467664,3
EX_LY_T_2023_SP_010_BS_230718_C_2_EX_240709,BS_230718_C_2,2024-07-09,7.0,44.41826423711517,2
EX_LY_T_2023_SP_010_BS_230718_W_1_EX_230719,BS_230718_W_1,2023-07-19,,0.77,3
EX_LY_T_2023_SP_011_BS_230627_C_0_EX_240626,BS_230627_C_0,2024-06-26,1.0,38.04137540627272,2
EX_LY_T_2023_SP_012_BS_230627_C_0_EX_240626,BS_230627_C_0,2024-06-26,1.0,58.415999071031045,2
EX_LY_T_2023_SP_013_BS_230627_C_0_EX_240626,BS_230627_C_0,2024-06-26,1.0,60.31292222425165,2
EX_LY_T_2023_SP_014_BS_230627_C_0_EX_240626,BS_230627_C_0,2024-06-26,1.0,25.925092201378213,2
EX_LY_T_2023_SP_015_BS_230627_C_0_EX_240626,BS_230627_C_0,2024-06-26,1.0,47.92923385462846,2
EX_LY_T_2023_SP_016_BS_230627_C_0_EX_240626,BS_230627_C_0,2024-06-26,1.0,30.23301637912578,2
EX_LY_T_2023_SP_017_BS_230530_W_1_EX_230809,BS_230530_W_1,2023-08-09,,0.1654993283557639,1
EX_LY_T_2023_SP_017_BS_230606_C_1_EX_240403,BS_230606_C_1,2024-04-03,2.0,29.51631062847285,3
EX_LY_T_2023_SP_017_BS_230606_C_2_EX_240619,BS_230606_C_2,2024-06-19,5.0,59.15780782948664,2
EX_LY_T_2023_SP_017_BS_230606_W_1_EX_230810,BS_230606_W_1,2023-08-10,,0.4432231368497678,1
EX_LY_T_2023_SP_017_BS_230613_C_1_EX_240403,BS_230613_C_1,2024-04-03,2.0,92.21187338725036,3
EX_LY_T_2023_SP_017_BS_230613_C_2_EX_240619,BS_230613_C_2,2024-06-19,5.0,19.9556170208205,2
EX_LY_T_2023_SP_017_BS_230613_W_1_EX_230614,BS_230613_W_1,2023-06-14,,0.08,1
EX_LY_T_2023_SP_017_BS_230620_C_1_EX_240516,BS_230620_C_1,2024-05-16,3.0,44.02025208564551,3
EX_LY_T_2023_SP_017_BS_230620_C_2_EX_240531,BS_230620_C_2,2024-05-31,6.0,79.55567267425147,2
EX_LY_T_2023_SP_017_BS_230620_W_1_EX_230621,BS_230620_W_1,2023-06-21,,0.979,1
EX_LY_T_2023_SP_017_BS_230627_C_0_EX_240626,BS_230627_C_0,2024-06-26,1.0,37.22772923941877,2
EX_LY_T_2023_SP_017_BS_230627_W_1_EX_230730,BS_230627_W_1,2023-07-30,,0.55,1
EX_LY_T_2023_SP_017_BS_230704_C_1_EX_240516,BS_230704_C_1,2024-05-16,3.0,18.881249210359744,3
EX_LY_T_2023_SP_017_BS_230704_C_2_EX_240531,BS_230704_C_2,2024-05-31,6.0,51.34885774740174,2
EX_LY_T_2023_SP_017_BS_230704_W_1_EX_230705,BS_230704_W_1,2023-07-05,,0.33,3
EX_LY_T_2023_SP_017_BS_230711_C_1_EX_240521,BS_230711_C_1,2024-05-21,4.0,51.05783381301682,3
EX_LY_T_2023_SP_017_BS_230711_C_2_EX_240531,BS_230711_C_2,2024-05-31,6.0,40.35008490386051,2
EX_LY_T_2023_SP_017_BS_230711_W_1_EX_230712,BS_230711_W_1,2023-07-12,,0.84,3
EX_LY_T_2023_SP_017_BS_230718_C_1_EX_240521,BS_230718_C_1,2024-05-21,4.0,11.569201450892566,3
EX_LY_T_2023_SP_017_BS_230718_C_2_EX_240709,BS_230718_C_2,2024-07-09,7.0,52.27303796427795,2
EX_LY_T_2023_SP_017_BS_230718_W_1_EX_230719,BS_230718_W_1,2023-07-19,,0.12,3
EX_LY_T_2023_SP_018_BS_230530_W_1_EX_230809,BS_230530_W_1,2023-08-09,,0.3076776762929606,1
EX_LY_T_2023_SP_018_BS_230606_C_1_EX_240403,BS_230606_C_1,2024-04-03,2.0,78.7082028302362,3
EX_LY_T_2023_SP_018_BS_230606_W_1_EX_230810,BS_230606_W_1,2023-08-10,,0.7886403075011306,1
EX_LY_T_2023_SP_018_BS_230613_C_1_EX_240403,BS_230613_C_1,2024-04-03,2.0,90.17609370051916,3
EX_LY_T_2023_SP_018_BS_230613_C_2_EX_240619,BS_230613_C_2,2024-06-19,5.0,65.41053073581992,2
EX_LY_T_2023_SP_018_BS_230613_W_1_EX_230614,BS_230613_W_1,2023-06-14,,0.4110884402651907,1
EX_LY_T_2023_SP_018_BS_230620_C_1_EX_240516,BS_230620_C_1,2024-05-16,3.0,20.367794788028604,3
EX_LY_T_2023_SP_018_BS_230620_C_2_EX_240531,BS_230620_C_2,2024-05-31,6.0,76.81396213123797,2
EX_LY_T_2023_SP_018_BS_230620_W_1_EX_230621,BS_230620_W_1,2023-06-21,,0.532,1
EX_LY_T_2023_SP_018_BS_230627_C_0_EX_240626,BS_230627_C_0,2024-06-26,1.0,66.94856681137455,2
EX_LY_T_2023_SP_018_BS_230627_W_1_EX_230730,BS_230627_W_1,2023-07-30,,0.362,1
EX_LY_T_2023_SP_018_BS_230704_C_1_EX_240516,BS_230704_C_1,2024-05-16,3.0,10.323801218712177,3
EX_LY_T_2023_SP_018_BS_230704_C_2_EX_240531,BS_230704_C_2,2024-05-31,6.0,68.40364555681307,2
EX_LY_T_2023_SP_018_BS_230704_W_1_EX_230705,BS_230704_W_1,2023-07-05,,0.14,3
EX_LY_T_2023_SP_018_BS_230711_C_1_EX_240521,BS_230711_C_1,2024-05-21,4.0,57.17309400805159,3
EX_LY_T_2023_SP_018_BS_230711_C_2_EX_240531,BS_230711_C_2,2024-05-31,6.0,32.2080010773769,2
EX_LY_T_2023_SP_018_BS_230711_W_1_EX_230712,BS_230711_W_1,2023-07-12,,1.87,3
EX_LY_T_2023_SP_018_BS_230718_C_1_EX_240521,BS_230718_C_1,2024-05-21,4.0,22.0738133506948,3
EX_LY_T_2023_SP_018_BS_230718_C_2_EX_240709,BS_230718_C_2,2024-07-09,7.0,13.32331970680792,2
EX_LY_T_2023_SP_018_BS_230718_W_1_EX_230719,BS_230718_W_1,2023-07-19,,0.29,3
EX_LY_T_2023_SP_019_BS_230627_C_0_EX_240626,BS_230627_C_0,2024-06-26,1.0,39.05784646126937,2
EX_LY_T_2023_SP_020_BS_230627_C_0_EX_240626,BS_230627_C_0,2024-06-26,1.0,31.60717676900244,2
EX_LY_T_2023_SP_021_BS_230627_C_0_EX_240626,BS_230627_C_0,2024-06-26,1.0,52.46992039655362,2
EX_LY_T_2023_SP_022_BS_230530_W_1_EX_230809,BS_230530_W_1,2023-08-09,,0.4353970163706457,1
EX_LY_T_2023_SP_022_BS_230606_C_1_EX_240403,BS_230606_C_1,2024-04-03,2.0,29.528927193783247,3
EX_LY_T_2023_SP_022_BS_230606_C_2_EX_240619,BS_230606_C_2,2024-06-19,5.0,45.192616266130166,2
EX_LY_T_2023_SP_022_BS_230606_W_1_EX_230810,BS_230606_W_1,2023-08-10,,1.465423586116125,1
EX_LY_T_2023_SP_022_BS_230613_C_1_EX_240403,BS_230613_C_1,2024-04-03,2.0,35.72251890041511,3
EX_LY_T_2023_SP_022_BS_230613_C_2_EX_240619,BS_230613_C_2,2024-06-19,5.0,57.01242559490972,2
EX_LY_T_2023_SP_022_BS_230613_W_1_EX_230614,BS_230613_W_1,2023-06-14,,0.246350579,1
EX_LY_T_2023_SP_022_BS_230620_C_1_EX_240516,BS_230620_C_1,2024-05-16,3.0,1.5390206428462627,3
EX_LY_T_2023_SP_022_BS_230620_C_2_EX_240531,BS_230620_C_2,2024-05-31,6.0,86.03956295446443,2
EX_LY_T_2023_SP_022_BS_230620_W_1_EX_230621,BS_230620_W_1,2023-06-21,,0.28,1
EX_LY_T_2023_SP_022_BS_230627_C_0_EX_240626,BS_230627_C_0,2024-06-26,1.0,26.098487643382366,2
EX_LY_T_2023_SP_022_BS_230627_W_1_EX_230730,BS_230627_W_1,2023-07-30,,0.542,1
EX_LY_T_2023_SP_022_BS_230704_C_1_EX_240516,BS_230704_C_1,2024-05-16,3.0,45.08038668748768,3
EX_LY_T_2023_SP_022_BS_230704_C_2_EX_240531,BS_230704_C_2,2024-05-31,6.0,68.36746321767934,2
EX_LY_T_2023_SP_022_BS_230704_W_1_EX_230705,BS_230704_W_1,2023-07-05,,0.07,3
EX_LY_T_2023_SP_022_BS_230711_C_1_EX_240521,BS_230711_C_1,2024-05-21,4.0,60.38894270873274,3
EX_LY_T_2023_SP_022_BS_230711_C_2_EX_240531,BS_230711_C_2,2024-05-31,6.0,59.69957543753329,2
EX_LY_T_2023_SP_022_BS_230711_W_1_EX_230712,BS_230711_W_1,2023-07-12,,2.12,3
EX_LY_T_2023_SP_022_BS_230718_C_1_EX_240521,BS_230718_C_1,2024-05-21,4.0,39.41983599467679,3
EX_LY_T_2023_SP_022_BS_230718_C_2_EX_240709,BS_230718_C_2,2024-07-09,7.0,34.850599477798724,2
EX_LY_T_2023_SP_022_BS_230718_W_1_EX_230719,BS_230718_W_1,2023-07-19,,0.295,4
EX_LY_T_2023_SP_023_BS_230627_C_0_EX_240626,BS_230627_C_0,2024-06-26,1.0,28.06819212723004,2
EX_LY_T_2023_SP_024_BS_230530_W_1_EX_230809,BS_230530_W_1,2023-08-09,,0.2610243393678171,1
EX_LY_T_2023_SP_024_BS_230606_C_1_EX_240403,BS_230606_C_1,2024-04-03,2.0,44.364688776197966,3
EX_LY_T_2023_SP_024_BS_230606_C_2_EX_240619,BS_230606_C_2,2024-06-19,5.0,69.32820581042203,2
EX_LY_T_2023_SP_024_BS_230606_W_1_EX_230810,BS_230606_W_1,2023-08-10,,0.6010477060577428,1
EX_LY_T_2023_SP_024_BS_230613_C_1_EX_240403,BS_230613_C_1,2024-04-03,2.0,37.98525144772216,3
EX_LY_T_2023_SP_024_BS_230613_C_2_EX_240619,BS_230613_C_2,2024-06-19,5.0,58.37427281456622,2
EX_LY_T_2023_SP_024_BS_230613_W_1_EX_230614,BS_230613_W_1,2023-06-14,,0.669864163,1
EX_LY_T_2023_SP_024_BS_230620_W_1_EX_230621,BS_230620_W_1,2023-06-21,,0.26,1
EX_LY_T_2023_SP_024_BS_230627_C_0_EX_240626,BS_230627_C_0,2024-06-26,1.0,40.61593786552449,2
EX_LY_T_2023_SP_024_BS_230627_W_1_EX_230730,BS_230627_W_1,2023-07-30,,2.323,1
EX_LY_T_2023_SP_024_BS_230704_C_1_EX_240516,BS_230704_C_1,2024-05-16,3.0,9.213150592856142,3
EX_LY_T_2023_SP_024_BS_230704_C_2_EX_240531,BS_230704_C_2,2024-05-31,6.0,64.42944778390996,2
EX_LY_T_2023_SP_024_BS_230704_W_1_EX_230705,BS_230704_W_1,2023-07-05,,0.33,3
EX_LY_T_2023_SP_024_BS_230711_C_1_EX_240521,BS_230711_C_1,2024-05-21,4.0,63.1262686571836,3
EX_LY_T_2023_SP_024_BS_230711_C_2_EX_240531,BS_230711_C_2,2024-05-31,6.0,54.47371476619281,2
EX_LY_T_2023_SP_024_BS_230711_W_1_EX_230712,BS_230711_W_1,2023-07-12,,0.76,3
EX_LY_T_2023_SP_024_BS_230718_C_1_EX_240521,BS_230718_C_1,2024-05-21,4.0,19.64033911196736,3
EX_LY_T_2023_SP_024_BS_230718_C_2_EX_240709,BS_230718_C_2,2024-07-09,7.0,32.33946443713034,2
EX_LY_T_2023_SP_024_BS_230718_W_1_EX_230719,BS_230718_W_1,2023-07-19,,0.755,4
EX_LY_T_2023_SP_025_BS_230530_C_1_EX_240403,BS_230530_C_1,2024-04-03,2.0,46.2199062574573,3
EX_LY_T_2023_SP_025_BS_230530_C_2_EX_240619,BS_230530_C_2,2024-06-19,5.0,81.24599248083798,2
EX_LY_T_2023_SP_025_BS_230530_W_1_EX_230809,BS_230530_W_1,2023-08-09,,0.0851841470118202,1
EX_LY_T_2023_SP_025_BS_230606_C_1_EX_240403,BS_230606_C_1,2024-04-03,2.0,60.988977178851606,3
EX_LY_T_2023_SP_025_BS_230606_C_2_EX_240619,BS_230606_C_2,2024-06-19,5.0,56.52737785775128,2
EX_LY_T_2023_SP_025_BS_230606_W_1_EX_230810,BS_230606_W_1,2023-08-10,,0.4726809657388446,1
EX_LY_T_2023_SP_025_BS_230613_C_1_EX_240403,BS_230613_C_1,2024-04-03,2.0,45.08641736550479,3
EX_LY_T_2023_SP_025_BS_230613_C_2_EX_240619,BS_230613_C_2,2024-06-19,5.0,100.80635856554616,2
EX_LY_T_2023_SP_025_BS_230613_W_1_EX_230614,BS_230613_W_1,2023-06-14,,0.1636326280551834,1
EX_LY_T_2023_SP_025_BS_230620_C_1_EX_240516,BS_230620_C_1,2024-05-16,3.0,11.796088748126602,3
EX_LY_T_2023_SP_025_BS_230620_C_2_EX_240531,BS_230620_C_2,2024-05-31,6.0,67.46703770560158,2
EX_LY_T_2023_SP_025_BS_230620_W_1_EX_230621,BS_230620_W_1,2023-06-21,,0.211,1
EX_LY_T_2023_SP_025_BS_230627_C_0_EX_240626,BS_230627_C_0,2024-06-26,1.0,61.01680974159422,2
EX_LY_T_2023_SP_025_BS_230627_W_1_EX_230730,BS_230627_W_1,2023-07-30,,1.4,1
EX_LY_T_2023_SP_025_BS_230704_C_1_EX_240516,BS_230704_C_1,2024-05-16,3.0,24.38789392179717,3
EX_LY_T_2023_SP_025_BS_230704_C_2_EX_240531,BS_230704_C_2,2024-05-31,6.0,41.93806118775623,2
EX_LY_T_2023_SP_025_BS_230704_W_1_EX_230705,BS_230704_W_1,2023-07-05,,0.03,3
EX_LY_T_2023_SP_025_BS_230711_C_1_EX_240521,BS_230711_C_1,2024-05-21,4.0,48.56233198688083,2
EX_LY_T_2023_SP_025_BS_230711_C_2_EX_240531,BS_230711_C_2,2024-05-31,6.0,19.861503545070697,2
EX_LY_T_2023_SP_025_BS_230711_W_1_EX_230712,BS_230711_W_1,2023-07-12,,0.24,3
EX_LY_T_2023_SP_025_BS_230718_C_1_EX_240521,BS_230718_C_1,2024-05-21,4.0,9.451303648776742,3
EX_LY_T_2023_SP_025_BS_230718_W_1_EX_230719,BS_230718_W_1,2023-07-19,,0.215,3
EX_LY_T_2023_SP_026_BS_230530_C_1_EX_240403,BS_230530_C_1,2024-04-03,2.0,89.3830813599594,3
EX_LY_T_2023_SP_026_BS_230530_C_2_EX_240619,BS_230530_C_2,2024-06-19,5.0,80.86978218640789,2
EX_LY_T_2023_SP_026_BS_230530_W_1_EX_230809,BS_230530_W_1,2023-08-09,,0.3431824469692281,1
EX_LY_T_2023_SP_026_BS_230606_C_1_EX_240403,BS_230606_C_1,2024-04-03,2.0,84.67152267417316,3
EX_LY_T_2023_SP_026_BS_230606_C_2_EX_240619,BS_230606_C_2,2024-06-19,5.0,49.32632696564677,2
EX_LY_T_2023_SP_026_BS_230606_W_1_EX_230810,BS_230606_W_1,2023-08-10,,0.7495661748756429,1
EX_LY_T_2023_SP_026_BS_230613_C_1_EX_240403,BS_230613_C_1,2024-04-03,2.0,50.48013706483044,3
EX_LY_T_2023_SP_026_BS_230613_C_2_EX_240619,BS_230613_C_2,2024-06-19,5.0,39.16113048450868,2
EX_LY_T_2023_SP_026_BS_230613_W_1_EX_230614,BS_230613_W_1,2023-06-14,,0.59,1
EX_LY_T_2023_SP_026_BS_230620_C_1_EX_240516,BS_230620_C_1,2024-05-16,3.0,6.987313165615664,3
EX_LY_T_2023_SP_026_BS_230620_C_2_EX_240531,BS_230620_C_2,2024-05-31,6.0,74.57887987333915,2
EX_LY_T_2023_SP_026_BS_230620_W_1_EX_230621,BS_230620_W_1,2023-06-21,,0.469,1
EX_LY_T_2023_SP_026_BS_230627_C_0_EX_240626,BS_230627_C_0,2024-06-26,1.0,55.71019555522224,2
EX_LY_T_2023_SP_026_BS_230627_W_1_EX_230730,BS_230627_W_1,2023-07-30,,0.31,1
EX_LY_T_2023_SP_026_BS_230704_C_1_EX_240516,BS_230704_C_1,2024-05-16,3.0,34.355034411029465,3
EX_LY_T_2023_SP_026_BS_230704_C_2_EX_240531,BS_230704_C_2,2024-05-31,6.0,66.54533227322209,2
EX_LY_T_2023_SP_026_BS_230704_W_1_EX_230705,BS_230704_W_1,2023-07-05,,0.16,3
EX_LY_T_2023_SP_026_BS_230711_C_1_EX_240521,BS_230711_C_1,2024-05-21,4.0,39.73547764111537,3
EX_LY_T_2023_SP_026_BS_230711_C_2_EX_240531,BS_230711_C_2,2024-05-31,6.0,31.63008721745834,2
EX_LY_T_2023_SP_026_BS_230711_W_1_EX_230712,BS_230711_W_1,2023-07-12,,0.35,3
EX_LY_T_2023_SP_026_BS_230718_C_1_EX_240521,BS_230718_C_1,2024-05-21,4.0,10.417048144154409,3
EX_LY_T_2023_SP_026_BS_230718_C_2_EX_240709,BS_230718_C_2,2024-07-09,7.0,18.82307831702041,2
EX_LY_T_2023_SP_026_BS_230718_W_1_EX_230719,BS_230718_W_1,2023-07-19,,0.908,3
EX_LY_T_2023_SP_027_BS_230627_C_0_EX_240626,BS_230627_C_0,2024-06-26,1.0,37.47980883560757,2
EX_LY_T_2023_SP_028_BS_230530_C_1_EX_240403,BS_230530_C_1,2024-04-03,2.0,85.30170446249409,3
EX_LY_T_2023_SP_028_BS_230530_C_2_EX_240619,BS_230530_C_2,2024-06-19,5.0,81.48229819284136,2
EX_LY_T_2023_SP_028_BS_230530_W_1_EX_230809,BS_230530_W_1,2023-08-09,,0.3865367183717451,1
EX_LY_T_2023_SP_028_BS_230606_C_1_EX_240403,BS_230606_C_1,2024-04-03,2.0,93.5469294825464,3
EX_LY_T_2023_SP_028_BS_230606_C_2_EX_240619,BS_230606_C_2,2024-06-19,5.0,65.55355621812505,2
EX_LY_T_2023_SP_028_BS_230606_W_1_EX_230810,BS_230606_W_1,2023-08-10,,0.4895813036077338,1
EX_LY_T_2023_SP_028_BS_230613_C_1_EX_240403,BS_230613_C_1,2024-04-03,2.0,36.01451336756276,3
EX_LY_T_2023_SP_028_BS_230613_C_2_EX_240619,BS_230613_C_2,2024-06-19,5.0,49.59683647934752,2
EX_LY_T_2023_SP_028_BS_230613_W_1_EX_230614,BS_230613_W_1,2023-06-14,,0.115386306793552,1
EX_LY_T_2023_SP_028_BS_230620_C_1_EX_240516,BS_230620_C_1,2024-05-16,3.0,7.735865937051293,3
EX_LY_T_2023_SP_028_BS_230620_C_2_EX_240531,BS_230620_C_2,2024-05-31,6.0,76.15407957222612,2
EX_LY_T_2023_SP_028_BS_230620_W_1_EX_230621,BS_230620_W_1,2023-06-21,,0.135,1
EX_LY_T_2023_SP_028_BS_230627_C_0_EX_240626,BS_230627_C_0,2024-06-26,1.0,5.693079786095222,2
EX_LY_T_2023_SP_028_BS_230627_W_1_EX_230730,BS_230627_W_1,2023-07-30,,0.817,1
EX_LY_T_2023_SP_028_BS_230704_C_1_EX_240516,BS_230704_C_1,2024-05-16,3.0,18.348410966188627,3
EX_LY_T_2023_SP_028_BS_230704_C_2_EX_240531,BS_230704_C_2,2024-05-31,6.0,49.52885263676773,2
EX_LY_T_2023_SP_028_BS_230704_W_1_EX_230705,BS_230704_W_1,2023-07-05,,0.19,2
EX_LY_T_2023_SP_028_BS_230711_C_1_EX_240521,BS_230711_C_1,2024-05-21,4.0,41.40257990942616,3
EX_LY_T_2023_SP_028_BS_230711_C_2_EX_240531,BS_230711_C_2,2024-05-31,6.0,16.80058340649655,2
EX_LY_T_2023_SP_028_BS_230711_W_1_EX_230712,BS_230711_W_1,2023-07-12,,0.21,3
EX_LY_T_2023_SP_028_BS_230718_C_1_EX_240521,BS_230718_C_1,2024-05-21,4.0,0.6031126476285272,3
EX_LY_T_2023_SP_028_BS_230718_C_2_EX_240709,BS_230718_C_2,2024-07-09,7.0,43.5022092956187,2
EX_LY_T_2023_SP_028_BS_230718_W_1_EX_230719,BS_230718_W_1,2023-07-19,,0.21,3
EX_LY_T_2023_SP_029_BS_230627_C_0_EX_240626,BS_230627_C_0,2024-06-26,1.0,67.14661379930158,2
EX_LY_T_2023_SP_030_BS_230627_C_0_EX_240626,BS_230627_C_0,2024-06-26,1.0,55.28547046592389,2
EX_LY_T_2023_SP_031_BS_230627_C_0_EX_240626,BS_230627_C_0,2024-06-26,1.0,34.83277954042648,2
EX_LY_T_2023_SP_032_BS_230627_C_0_EX_240626,BS_230627_C_0,2024-06-26,1.0,23.720726289216586,2
EX_LY_T_2023_SP_033_BS_230627_C_0_EX_240626,BS_230627_C_0,2024-06-26,1.0,26.87710393928801,2
EX_LY_T_2023_SP_034_BS_230627_C_0_EX_240626,BS_230627_C_0,2024-06-26,1.0,14.094987075477516,2
EX_LY_T_2023_SP_035_BS_230530_C_1_EX_240403,BS_230530_C_1,2024-04-03,2.0,82.80636296644269,3
EX_LY_T_2023_SP_035_BS_230530_C_2_EX_240619,BS_230530_C_2,2024-06-19,5.0,61.41513264454968,2
EX_LY_T_2023_SP_035_BS_230530_W_1_EX_230809,BS_230530_W_1,2023-08-09,,0.3108857331115148,1
EX_LY_T_2023_SP_035_BS_230606_C_1_EX_240403,BS_230606_C_1,2024-04-03,2.0,94.47739743840708,3
EX_LY_T_2023_SP_035_BS_230606_C_2_EX_240619,BS_230606_C_2,2024-06-19,5.0,56.148046663442784,2
EX_LY_T_2023_SP_035_BS_230606_W_1_EX_230810,BS_230606_W_1,2023-08-10,,1.1106428700105515,1
EX_LY_T_2023_SP_035_BS_230613_C_1_EX_240403,BS_230613_C_1,2024-04-03,2.0,91.39331974454092,3
EX_LY_T_2023_SP_035_BS_230613_C_2_EX_240619,BS_230613_C_2,2024-06-19,5.0,41.11517633714798,2
EX_LY_T_2023_SP_035_BS_230613_W_1_EX_230614,BS_230613_W_1,2023-06-14,,0.110430210131518,1
EX_LY_T_2023_SP_035_BS_230620_C_1_EX_240516,BS_230620_C_1,2024-05-16,3.0,8.8891335653313,3
EX_LY_T_2023_SP_035_BS_230620_C_2_EX_240531,BS_230620_C_2,2024-05-31,6.0,66.68794658696841,2
EX_LY_T_2023_SP_035_BS_230620_W_1_EX_230621,BS_230620_W_1,2023-06-21,,0.17,1
EX_LY_T_2023_SP_035_BS_230627_C_0_EX_240626,BS_230627_C_0,2024-06-26,1.0,26.70658733336317,2
EX_LY_T_2023_SP_035_BS_230627_W_1_EX_230730,BS_230627_W_1,2023-07-30,,0.339,1
EX_LY_T_2023_SP_035_BS_230704_C_1_EX_240516,BS_230704_C_1,2024-05-16,3.0,25.751145620034432,3
EX_LY_T_2023_SP_035_BS_230704_C_2_EX_240531,BS_230704_C_2,2024-05-31,6.0,62.99898823259255,2
EX_LY_T_2023_SP_035_BS_230704_W_1_EX_230705,BS_230704_W_1,2023-07-05,,0.09,3
EX_LY_T_2023_SP_035_BS_230711_C_1_EX_240521,BS_230711_C_1,2024-05-21,4.0,24.3666039087292,3
EX_LY_T_2023_SP_035_BS_230711_C_2_EX_240531,BS_230711_C_2,2024-05-31,6.0,33.59315986529336,2
EX_LY_T_2023_SP_035_BS_230711_W_1_EX_230712,BS_230711_W_1,2023-07-12,,0.13,3
EX_LY_T_2023_SP_035_BS_230718_C_1_EX_240521,BS_230718_C_1,2024-05-21,4.0,16.70159304998881,3
EX_LY_T_2023_SP_035_BS_230718_C_2_EX_240709,BS_230718_C_2,2024-07-09,7.0,16.65276158546084,2
EX_LY_T_2023_SP_035_BS_230718_W_1_EX_230719,BS_230718_W_1,2023-07-19,,0.009,2
EX_LY_T_2023_SP_036_BS_230627_C_0_EX_240626,BS_230627_C_0,2024-06-26,1.0,35.23558676848231,2
EX_LY_T_2023_SP_037_BS_230530_W_1_EX_230809,BS_230530_W_1,2023-08-09,,0.1771484424770385,1
EX_LY_T_2023_SP_037_BS_230606_C_1_EX_240403,BS_230606_C_1,2024-04-03,2.0,98.4243205164061,3
EX_LY_T_2023_SP_037_BS_230606_C_2_EX_240619,BS_230606_C_2,2024-06-19,5.0,56.66729820229863,2
EX_LY_T_2023_SP_037_BS_230606_W_1_EX_230810,BS_230606_W_1,2023-08-10,,0.5746919106320244,1
EX_LY_T_2023_SP_037_BS_230613_C_1_EX_240403,BS_230613_C_1,2024-04-03,2.0,83.09193158655468,3
EX_LY_T_2023_SP_037_BS_230613_C_2_EX_240619,BS_230613_C_2,2024-06-19,5.0,36.64417201895742,2
EX_LY_T_2023_SP_037_BS_230613_W_1_EX_230614,BS_230613_W_1,2023-06-14,,0.1177712828867843,1
EX_LY_T_2023_SP_037_BS_230620_C_1_EX_240516,BS_230620_C_1,2024-05-16,3.0,0.0028599905756501,3
EX_LY_T_2023_SP_037_BS_230620_C_2_EX_240531,BS_230620_C_2,2024-05-31,6.0,78.55946593874664,2
EX_LY_T_2023_SP_037_BS_230620_W_1_EX_230621,BS_230620_W_1,2023-06-21,,0.66,1
EX_LY_T_2023_SP_037_BS_230627_C_0_EX_240626,BS_230627_C_0,2024-06-26,1.0,21.67467216951748,2
EX_LY_T_2023_SP_037_BS_230627_W_1_EX_230730,BS_230627_W_1,2023-07-30,,1.266,1
EX_LY_T_2023_SP_037_BS_230704_C_1_EX_240516,BS_230704_C_1,2024-05-16,3.0,43.57594783544808,3
EX_LY_T_2023_SP_037_BS_230704_C_2_EX_240531,BS_230704_C_2,2024-05-31,6.0,53.59245413162818,2
EX_LY_T_2023_SP_037_BS_230704_W_1_EX_230705,BS_230704_W_1,2023-07-05,,0.1,3
EX_LY_T_2023_SP_037_BS_230711_C_1_EX_240521,BS_230711_C_1,2024-05-21,4.0,38.01869852662308,3
EX_LY_T_2023_SP_037_BS_230711_C_2_EX_240531,BS_230711_C_2,2024-05-31,6.0,22.638781338243685,2
EX_LY_T_2023_SP_037_BS_230711_W_1_EX_230712,BS_230711_W_1,2023-07-12,,3.33,3
EX_LY_T_2023_SP_037_BS_230718_C_1_EX_240521,BS_230718_C_1,2024-05-21,4.0,2.5086220433212354,3
EX_LY_T_2023_SP_037_BS_230718_C_2_EX_240709,BS_230718_C_2,2024-07-09,7.0,13.378739441183775,2
EX_LY_T_2023_SP_037_BS_230718_W_1_EX_230719,BS_230718_W_1,2023-07-19,,0.116,3
EX_LY_T_2023_SP_038_BS_230530_W_1_EX_230809,BS_230530_W_1,2023-08-09,,0.6333750759922679,1
EX_LY_T_2023_SP_038_BS_230606_C_1_EX_240403,BS_230606_C_1,2024-04-03,2.0,97.02616042418524,3
EX_LY_T_2023_SP_038_BS_230606_C_2_EX_240619,BS_230606_C_2,2024-06-19,5.0,60.1652122432587,2
EX_LY_T_2023_SP_038_BS_230606_W_1_EX_230810,BS_230606_W_1,2023-08-10,,0.3530803422071404,1
EX_LY_T_2023_SP_038_BS_230613_C_1_EX_240403,BS_230613_C_1,2024-04-03,2.0,83.74105471831247,3
EX_LY_T_2023_SP_038_BS_230613_C_2_EX_240619,BS_230613_C_2,2024-06-19,5.0,38.483248963955816,2
EX_LY_T_2023_SP_038_BS_230613_W_1_EX_230614,BS_230613_W_1,2023-06-14,,0.10575333,1
EX_LY_T_2023_SP_038_BS_230620_C_1_EX_240516,BS_230620_C_1,2024-05-16,3.0,11.243995329310629,3
EX_LY_T_2023_SP_038_BS_230620_C_2_EX_240531,BS_230620_C_2,2024-05-31,6.0,79.33642043252193,2
EX_LY_T_2023_SP_038_BS_230620_W_1_EX_230621,BS_230620_W_1,2023-06-21,,0.654,1
EX_LY_T_2023_SP_038_BS_230627_C_0_EX_240626,BS_230627_C_0,2024-06-26,1.0,70.09340492522888,2
EX_LY_T_2023_SP_038_BS_230627_W_1_EX_230730,BS_230627_W_1,2023-07-30,,0.36,1
EX_LY_T_2023_SP_038_BS_230704_C_1_EX_240516,BS_230704_C_1,2024-05-16,3.0,19.370600931162645,3
EX_LY_T_2023_SP_038_BS_230704_C_2_EX_240531,BS_230704_C_2,2024-05-31,6.0,58.750191001313055,2
EX_LY_T_2023_SP_038_BS_230704_W_1_EX_230705,BS_230704_W_1,2023-07-05,,0.12,3
EX_LY_T_2023_SP_038_BS_230711_C_1_EX_240521,BS_230711_C_1,2024-05-21,4.0,36.7351865444478,3
EX_LY_T_2023_SP_038_BS_230711_C_2_EX_240531,BS_230711_C_2,2024-05-31,6.0,39.92860867305669,2
EX_LY_T_2023_SP_038_BS_230711_W_1_EX_230712,BS_230711_W_1,2023-07-12,,7.34,3
EX_LY_T_2023_SP_038_BS_230718_C_1_EX_240521,BS_230718_C_1,2024-05-21,4.0,8.69246993435718,3
EX_LY_T_2023_SP_038_BS_230718_C_2_EX_240709,BS_230718_C_2,2024-07-09,7.0,19.25914681086168,2
EX_LY_T_2023_SP_038_BS_230718_W_1_EX_230719,BS_230718_W_1,2023-07-19,,0.31,3
EX_LY_T_2023_SP_039_BS_230627_C_0_EX_240626,BS_230627_C_0,2024-06-26,1.0,38.36057542852927,2
EX_LY_T_2023_SP_040_BS_230627_C_0_EX_240626,BS_230627_C_0,2024-06-26,1.0,16.18617118430236,2
EX_LY_T_2023_SP_041_BS_230530_W_1_EX_230809,BS_230530_W_1,2023-08-09,,0.5776777490999239,1
EX_LY_T_2023_SP_041_BS_230606_C_1_EX_240403,BS_230606_C_1,2024-04-03,2.0,84.58707852636599,3
EX_LY_T_2023_SP_041_BS_230606_C_2_EX_240619,BS_230606_C_2,2024-06-19,5.0,60.12790330380353,2
EX_LY_T_2023_SP_041_BS_230606_W_1_EX_230810,BS_230606_W_1,2023-08-10,,0.4760817135357115,1
EX_LY_T_2023_SP_041_BS_230613_C_1_EX_240403,BS_230613_C_1,2024-04-03,2.0,35.17269643921132,3
EX_LY_T_2023_SP_041_BS_230613_C_2_EX_240619,BS_230613_C_2,2024-06-19,5.0,33.3157953471481,2
EX_LY_T_2023_SP_041_BS_230613_W_1_EX_230614,BS_230613_W_1,2023-06-14,,0.1490551888121586,1
EX_LY_T_2023_SP_041_BS_230620_C_1_EX_240516,BS_230620_C_1,2024-05-16,3.0,4.289022057127316,3
EX_LY_T_2023_SP_041_BS_230620_C_2_EX_240531,BS_230620_C_2,2024-05-31,6.0,43.50688338517347,2
EX_LY_T_2023_SP_041_BS_230620_W_1_EX_230621,BS_230620_W_1,2023-06-21,,0.56,1
EX_LY_T_2023_SP_041_BS_230627_C_0_EX_240626,BS_230627_C_0,2024-06-26,1.0,25.91881440337332,2
EX_LY_T_2023_SP_041_BS_230627_W_1_EX_230730,BS_230627_W_1,2023-07-30,,1.519,1
EX_LY_T_2023_SP_041_BS_230704_C_1_EX_240516,BS_230704_C_1,2024-05-16,3.0,13.192403194557093,3
EX_LY_T_2023_SP_041_BS_230704_C_2_EX_240531,BS_230704_C_2,2024-05-31,6.0,53.42642327272225,2
EX_LY_T_2023_SP_041_BS_230704_W_1_EX_230705,BS_230704_W_1,2023-07-05,,0.42,3
EX_LY_T_2023_SP_041_BS_230711_C_1_EX_240521,BS_230711_C_1,2024-05-21,4.0,55.18441599904846,3
EX_LY_T_2023_SP_041_BS_230711_C_2_EX_240531,BS_230711_C_2,2024-05-31,6.0,37.16135575106033,2
EX_LY_T_2023_SP_041_BS_230711_W_1_EX_230712,BS_230711_W_1,2023-07-12,,1.95,3
EX_LY_T_2023_SP_041_BS_230718_C_1_EX_240521,BS_230718_C_1,2024-05-21,4.0,27.10119104444754,3
EX_LY_T_2023_SP_041_BS_230718_C_2_EX_240709,BS_230718_C_2,2024-07-09,7.0,31.20915618941128,2
EX_LY_T_2023_SP_041_BS_230718_W_1_EX_230719,BS_230718_W_1,2023-07-19,,0.585,3
EX_LY_T_2023_SP_042_BS_230627_C_0_EX_240626,BS_230627_C_0,2024-06-26,1.0,84.47421929715273,2
EX_LY_T_2023_SP_043_BS_230627_C_0_EX_240626,BS_230627_C_0,2024-06-26,1.0,44.57920004644845,2
EX_LY_T_2023_SP_044_BS_230530_W_1_EX_230809,BS_230530_W_1,2023-08-09,,0.4977948591003243,1
EX_LY_T_2023_SP_044_BS_230606_C_1_EX_240403,BS_230606_C_1,2024-04-03,2.0,81.82388282233046,3
EX_LY_T_2023_SP_044_BS_230606_C_2_EX_240619,BS_230606_C_2,2024-06-19,5.0,64.43733012374526,2
EX_LY_T_2023_SP_044_BS_230606_W_1_EX_230810,BS_230606_W_1,2023-08-10,,0.3810445994286743,1
EX_LY_T_2023_SP_044_BS_230613_C_1_EX_240403,BS_230613_C_1,2024-04-03,2.0,26.22145426797434,3
EX_LY_T_2023_SP_044_BS_230613_C_2_EX_240619,BS_230613_C_2,2024-06-19,5.0,16.308640605366307,2
EX_LY_T_2023_SP_044_BS_230613_W_1_EX_230614,BS_230613_W_1,2023-06-14,,0.2831141133112612,1
EX_LY_T_2023_SP_044_BS_230620_C_1_EX_240516,BS_230620_C_1,2024-05-16,3.0,4.517527970812592,3
EX_LY_T_2023_SP_044_BS_230620_C_2_EX_240531,BS_230620_C_2,2024-05-31,6.0,71.92657305228299,2
EX_LY_T_2023_SP_044_BS_230620_W_1_EX_230621,BS_230620_W_1,2023-06-21,,0.368,1
EX_LY_T_2023_SP_044_BS_230627_C_0_EX_240626,BS_230627_C_0,2024-06-26,1.0,46.37113035442343,2
EX_LY_T_2023_SP_044_BS_230627_W_1_EX_230730,BS_230627_W_1,2023-07-30,,0.06,1
EX_LY_T_2023_SP_044_BS_230704_C_1_EX_240516,BS_230704_C_1,2024-05-16,3.0,15.70243778053836,3
EX_LY_T_2023_SP_044_BS_230704_C_2_EX_240531,BS_230704_C_2,2024-05-31,6.0,61.78778092300468,2
EX_LY_T_2023_SP_044_BS_230704_W_1_EX_230705,BS_230704_W_1,2023-07-05,,0.08,3
EX_LY_T_2023_SP_044_BS_230711_C_1_EX_240521,BS_230711_C_1,2024-05-21,4.0,41.29452722614612,3
EX_LY_T_2023_SP_044_BS_230711_C_2_EX_240531,BS_230711_C_2,2024-05-31,6.0,10.580631042439844,2
EX_LY_T_2023_SP_044_BS_230711_W_1_EX_230712,BS_230711_W_1,2023-07-12,,0.8,3
EX_LY_T_2023_SP_044_BS_230718_C_1_EX_240521,BS_230718_C_1,2024-05-21,4.0,10.809819973926505,3
EX_LY_T_2023_SP_044_BS_230718_C_2_EX_240709,BS_230718_C_2,2024-07-09,7.0,9.93016954510174,2
EX_LY_T_2023_SP_044_BS_230718_W_1_EX_230719,BS_230718_W_1,2023-07-19,,0.11,2
EX_LY_T_2023_SP_045_BS_230627_C_0_EX_240626,BS_230627_C_0,2024-06-26,1.0,44.758159625412624,2
EX_LY_T_2023_SP_046_BS_230627_C_0_EX_240626,BS_230627_C_0,2024-06-26,1.0,71.8686307263739,2
EX_LY_T_2023_SP_047_BS_230627_C_0_EX_240626,BS_230627_C_0,2024-06-26,1.0,39.79274799418911,2
EX_LY_T_2023_SP_048_BS_230627_C_0_EX_240626,BS_230627_C_0,2024-06-26,1.0,29.450335844049334,2
EX_LY_T_2023_SP_049_BS_230627_C_0_EX_240626,BS_230627_C_0,2024-06-26,1.0,33.06617815156951,2
EX_LY_T_2023_SP_050_BS_230627_C_0_EX_240626,BS_230627_C_0,2024-06-26,1.0,34.02701993291586,2
EX_LY_T_2023_SP_051_BS_230530_C_1_EX_240403,BS_230530_C_1,2024-04-03,2.0,102.29545088593584,3
EX_LY_T_2023_SP_051_BS_230530_C_2_EX_240619,BS_230530_C_2,2024-06-19,5.0,75.36016445566148,2
EX_LY_T_2023_SP_051_BS_230530_W_1_EX_230809,BS_230530_W_1,2023-08-09,,0.349723697574436,1
EX_LY_T_2023_SP_051_BS_230606_C_1_EX_240403,BS_230606_C_1,2024-04-03,2.0,47.16517893993869,3
EX_LY_T_2023_SP_051_BS_230606_C_2_EX_240619,BS_230606_C_2,2024-06-19,5.0,58.1317568270473,2
EX_LY_T_2023_SP_051_BS_230606_W_1_EX_230810,BS_230606_W_1,2023-08-10,,0.3259892499604778,1
EX_LY_T_2023_SP_051_BS_230613_C_1_EX_240403,BS_230613_C_1,2024-04-03,2.0,34.99698009305644,3
EX_LY_T_2023_SP_051_BS_230613_C_2_EX_240619,BS_230613_C_2,2024-06-19,5.0,12.02071331792008,2
EX_LY_T_2023_SP_051_BS_230613_W_1_EX_230614,BS_230613_W_1,2023-06-14,,0.1463095577975106,1
EX_LY_T_2023_SP_051_BS_230620_C_1_EX_240516,BS_230620_C_1,2024-05-16,3.0,46.919612055373605,3
EX_LY_T_2023_SP_051_BS_230620_C_2_EX_240531,BS_230620_C_2,2024-05-31,6.0,80.30283312139741,2
EX_LY_T_2023_SP_051_BS_230620_W_1_EX_230621,BS_230620_W_1,2023-06-21,,0.206,1
EX_LY_T_2023_SP_051_BS_230627_C_0_EX_240626,BS_230627_C_0,2024-06-26,1.0,12.545556371360178,2
EX_LY_T_2023_SP_051_BS_230627_W_1_EX_230730,BS_230627_W_1,2023-07-30,,0.568,1
EX_LY_T_2023_SP_051_BS_230704_C_1_EX_240516,BS_230704_C_1,2024-05-16,3.0,50.15582234367113,3
EX_LY_T_2023_SP_051_BS_230704_C_2_EX_240531,BS_230704_C_2,2024-05-31,6.0,54.15229300853182,2
EX_LY_T_2023_SP_051_BS_230704_W_1_EX_230705,BS_230704_W_1,2023-07-05,,0.04,3
EX_LY_T_2023_SP_051_BS_230711_C_1_EX_240521,BS_230711_C_1,2024-05-21,4.0,57.13964136681884,3
EX_LY_T_2023_SP_051_BS_230711_W_1_EX_230712,BS_230711_W_1,2023-07-12,,0.14,3
EX_LY_T_2023_SP_051_BS_230718_C_1_EX_240521,BS_230718_C_1,2024-05-21,4.0,0.3609624761788502,3
EX_LY_T_2023_SP_051_BS_230718_C_2_EX_240709,BS_230718_C_2,2024-07-09,7.0,35.952556347370574,2
EX_LY_T_2023_SP_051_BS_230718_W_1_EX_230719,BS_230718_W_1,2023-07-19,,0.49,3
EX_LY_T_2023_SP_052_BS_230627_C_0_EX_240626,BS_230627_C_0,2024-06-26,1.0,55.30456997083667,2
EX_LY_T_2023_SP_053_BS_230530_C_1_EX_240403,BS_230530_C_1,2024-04-03,2.0,75.04328318879875,3
EX_LY_T_2023_SP_053_BS_230530_C_2_EX_240619,BS_230530_C_2,2024-06-19,5.0,65.96398607637315,2
EX_LY_T_2023_SP_053_BS_230530_W_1_EX_230809,BS_230530_W_1,2023-08-09,,1.0020968405418291,1
EX_LY_T_2023_SP_053_BS_230606_C_1_EX_240403,BS_230606_C_1,2024-04-03,2.0,50.757341776466966,3
EX_LY_T_2023_SP_053_BS_230606_C_2_EX_240619,BS_230606_C_2,2024-06-19,5.0,52.25525997726472,2
EX_LY_T_2023_SP_053_BS_230606_W_1_EX_230810,BS_230606_W_1,2023-08-10,,0.6204181816844915,1
EX_LY_T_2023_SP_053_BS_230613_C_1_EX_240516,BS_230613_C_1,2024-05-16,3.0,20.317834000280342,3
EX_LY_T_2023_SP_053_BS_230613_C_2_EX_240619,BS_230613_C_2,2024-06-19,5.0,50.9960084005798,2
EX_LY_T_2023_SP_053_BS_230613_W_1_EX_230614,BS_230613_W_1,2023-06-14,,0.1246237263936811,1
EX_LY_T_2023_SP_053_BS_230620_W_1_EX_230621,BS_230620_W_1,2023-06-21,,0.23,1
EX_LY_T_2023_SP_053_BS_230627_C_0_EX_240626,BS_230627_C_0,2024-06-26,1.0,35.443092789241376,2
EX_LY_T_2023_SP_053_BS_230627_W_1_EX_230730,BS_230627_W_1,2023-07-30,,0.809,1
EX_LY_T_2023_SP_053_BS_230704_C_1_EX_240516,BS_230704_C_1,2024-05-16,3.0,22.77570780576285,3
EX_LY_T_2023_SP_053_BS_230704_C_2_EX_240531,BS_230704_C_2,2024-05-31,6.0,53.190142778337474,2
EX_LY_T_2023_SP_053_BS_230704_W_1_EX_230705,BS_230704_W_1,2023-07-05,,0.12,3
EX_LY_T_2023_SP_053_BS_230711_C_1_EX_240521,BS_230711_C_1,2024-05-21,4.0,61.41800594609286,3
EX_LY_T_2023_SP_053_BS_230711_C_2_EX_240531,BS_230711_C_2,2024-05-31,6.0,29.634166660192047,2
EX_LY_T_2023_SP_053_BS_230711_W_1_EX_230712,BS_230711_W_1,2023-07-12,,0.47,3
EX_LY_T_2023_SP_053_BS_230718_C_1_EX_240521,BS_230718_C_1,2024-05-21,4.0,31.335343361039683,3
EX_LY_T_2023_SP_053_BS_230718_C_2_EX_240709,BS_230718_C_2,2024-07-09,7.0,9.43214131135286,2
EX_LY_T_2023_SP_053_BS_230718_W_1_EX_230719,BS_230718_W_1,2023-07-19,,0.241,3
EX_LY_T_2023_SP_054_BS_230627_C_0_EX_240626,BS_230627_C_0,2024-06-26,1.0,41.863852826158215,2
EX_LY_T_2023_SP_055_BS_230530_C_1_EX_240403,BS_230530_C_1,2024-04-03,2.0,71.02958351012886,3
EX_LY_T_2023_SP_055_BS_230530_C_2_EX_240619,BS_230530_C_2,2024-06-19,5.0,54.8670275982122,2
EX_LY_T_2023_SP_055_BS_230530_W_1_EX_230809,BS_230530_W_1,2023-08-09,,0.2731967535375083,1
EX_LY_T_2023_SP_055_BS_230606_C_1_EX_240403,BS_230606_C_1,2024-04-03,2.0,35.44906581611049,3
EX_LY_T_2023_SP_055_BS_230606_C_2_EX_240619,BS_230606_C_2,2024-06-19,5.0,66.00129501582832,2
EX_LY_T_2023_SP_055_BS_230606_W_1_EX_230810,BS_230606_W_1,2023-08-10,,0.1733577145504211,1
EX_LY_T_2023_SP_055_BS_230613_C_1_EX_240516,BS_230613_C_1,2024-05-16,3.0,18.355911893852237,3
EX_LY_T_2023_SP_055_BS_230613_C_2_EX_240619,BS_230613_C_2,2024-06-19,5.0,53.579798257466045,2
EX_LY_T_2023_SP_055_BS_230613_W_1_EX_230614,BS_230613_W_1,2023-06-14,,0.13,1
EX_LY_T_2023_SP_055_BS_230620_C_1_EX_240516,BS_230620_C_1,2024-05-16,3.0,13.802094518812348,3
EX_LY_T_2023_SP_055_BS_230620_C_2_EX_240531,BS_230620_C_2,2024-05-31,6.0,84.34515469595613,2
EX_LY_T_2023_SP_055_BS_230620_W_1_EX_230621,BS_230620_W_1,2023-06-21,,0.29,1
EX_LY_T_2023_SP_055_BS_230627_C_0_EX_240626,BS_230627_C_0,2024-06-26,1.0,33.96305654977544,2
EX_LY_T_2023_SP_055_BS_230627_W_1_EX_230730,BS_230627_W_1,2023-07-30,,0.04,1
EX_LY_T_2023_SP_055_BS_230704_C_1_EX_240516,BS_230704_C_1,2024-05-16,3.0,35.09486054455478,3
EX_LY_T_2023_SP_055_BS_230704_C_2_EX_240531,BS_230704_C_2,2024-05-31,6.0,64.59974110149702,2
EX_LY_T_2023_SP_055_BS_230704_W_1_EX_230705,BS_230704_W_1,2023-07-05,,0.12,3
EX_LY_T_2023_SP_055_BS_230711_C_1_EX_240521,BS_230711_C_1,2024-05-21,4.0,33.5470911461227,3
EX_LY_T_2023_SP_055_BS_230711_C_2_EX_240531,BS_230711_C_2,2024-05-31,6.0,17.98062620805633,2
EX_LY_T_2023_SP_055_BS_230711_W_1_EX_230712,BS_230711_W_1,2023-07-12,,0.42,3
EX_LY_T_2023_SP_055_BS_230718_C_1_EX_240521,BS_230718_C_1,2024-05-21,4.0,18.702947849353823,3
EX_LY_T_2023_SP_055_BS_230718_C_2_EX_240709,BS_230718_C_2,2024-07-09,7.0,13.497072666273963,2
EX_LY_T_2023_SP_055_BS_230718_W_1_EX_230719,BS_230718_W_1,2023-07-19,,1.49,3
EX_LY_T_2023_SP_056_BS_230627_C_0_EX_240626,BS_230627_C_0,2024-06-26,1.0,12.819578020691331,2
EX_LY_T_2023_SP_057_BS_230627_C_0_EX_240626,BS_230627_C_0,2024-06-26,1.0,38.65460377901668,2
EX_LY_T_2023_SP_058_BS_230627_C_0_EX_240626,BS_230627_C_0,2024-06-26,1.0,65.4882953540666,2
EX_LY_T_2023_SP_059_BS_230530_C_1_EX_240403,BS_230530_C_1,2024-04-03,2.0,108.29485998330637,3
EX_LY_T_2023_SP_059_BS_230530_C_2_EX_240619,BS_230530_C_2,2024-06-19,5.0,68.11559434858623,2
EX_LY_T_2023_SP_059_BS_230530_W_1_EX_230809,BS_230530_W_1,2023-08-09,,0.3771173175002457,1
EX_LY_T_2023_SP_059_BS_230606_C_1_EX_240403,BS_230606_C_1,2024-04-03,2.0,88.33734324681421,3
EX_LY_T_2023_SP_059_BS_230606_C_2_EX_240619,BS_230606_C_2,2024-06-19,5.0,66.33709123304547,2
EX_LY_T_2023_SP_059_BS_230606_W_1_EX_230810,BS_230606_W_1,2023-08-10,,0.2407637528079147,1
EX_LY_T_2023_SP_059_BS_230613_C_1_EX_240516,BS_230613_C_1,2024-05-16,3.0,22.817444811086624,3
EX_LY_T_2023_SP_059_BS_230613_C_2_EX_240619,BS_230613_C_2,2024-06-19,5.0,62.74589696238717,2
EX_LY_T_2023_SP_059_BS_230613_W_1_EX_230614,BS_230613_W_1,2023-06-14,,0.2143453636181088,1
EX_LY_T_2023_SP_059_BS_230620_C_1_EX_240516,BS_230620_C_1,2024-05-16,3.0,20.743543073658063,3
EX_LY_T_2023_SP_059_BS_230620_C_2_EX_240531,BS_230620_C_2,2024-05-31,6.0,58.63098244169172,2
EX_LY_T_2023_SP_059_BS_230620_W_1_EX_230621,BS_230620_W_1,2023-06-21,,0.194,1
EX_LY_T_2023_SP_059_BS_230627_C_0_EX_240626,BS_230627_C_0,2024-06-26,1.0,37.02013854701031,2
EX_LY_T_2023_SP_059_BS_230627_W_1_EX_230730,BS_230627_W_1,2023-07-30,,0.18,1
EX_LY_T_2023_SP_059_BS_230704_C_1_EX_240516,BS_230704_C_1,2024-05-16,3.0,21.50092724456356,3
EX_LY_T_2023_SP_059_BS_230704_C_2_EX_240531,BS_230704_C_2,2024-05-31,6.0,27.2,2
EX_LY_T_2023_SP_059_BS_230704_W_1_EX_230705,BS_230704_W_1,2023-07-05,,0.05,3
EX_LY_T_2023_SP_059_BS_230711_C_1_EX_240521,BS_230711_C_1,2024-05-21,4.0,23.911256729002044,3
EX_LY_T_2023_SP_059_BS_230711_C_2_EX_240531,BS_230711_C_2,2024-05-31,6.0,28.836169648877,2
EX_LY_T_2023_SP_059_BS_230711_W_1_EX_230712,BS_230711_W_1,2023-07-12,,0.36,3
EX_LY_T_2023_SP_059_BS_230718_C_1_EX_240521,BS_230718_C_1,2024-05-21,4.0,16.357845968128565,3
EX_LY_T_2023_SP_059_BS_230718_W_1_EX_230719,BS_230718_W_1,2023-07-19,,0.13,4
EX_LY_T_2023_SP_060_BS_230627_C_0_EX_240626,BS_230627_C_0,2024-06-26,1.0,39.84524441681192,2
EX_LY_T_2023_SP_061_BS_230530_C_1_EX_240403,BS_230530_C_1,2024-04-03,2.0,96.34045596842743,3
EX_LY_T_2023_SP_061_BS_230530_C_2_EX_240619,BS_230530_C_2,2024-06-19,5.0,55.05981409524482,2
EX_LY_T_2023_SP_061_BS_230530_W_1_EX_230809,BS_230530_W_1,2023-08-09,,0.5022201573358476,1
EX_LY_T_2023_SP_061_BS_230606_C_1_EX_240403,BS_230606_C_1,2024-04-03,2.0,85.69424209701707,3
EX_LY_T_2023_SP_061_BS_230606_C_2_EX_240619,BS_230606_C_2,2024-06-19,5.0,64.5772504682926,2
EX_LY_T_2023_SP_061_BS_230606_W_1_EX_230810,BS_230606_W_1,2023-08-10,,0.2068711649675182,1
EX_LY_T_2023_SP_061_BS_230613_C_1_EX_240516,BS_230613_C_1,2024-05-16,3.0,23.976432420517927,3
EX_LY_T_2023_SP_061_BS_230613_C_2_EX_240619,BS_230613_C_2,2024-06-19,5.0,58.60436825105401,2
EX_LY_T_2023_SP_061_BS_230613_W_1_EX_230614,BS_230613_W_1,2023-06-14,,0.4063882922570646,1
EX_LY_T_2023_SP_061_BS_230620_C_1_EX_240516,BS_230620_C_1,2024-05-16,3.0,25.956132563601265,3
EX_LY_T_2023_SP_061_BS_230620_C_2_EX_240531,BS_230620_C_2,2024-05-31,6.0,69.66381179054343,2
EX_LY_T_2023_SP_061_BS_230620_W_1_EX_230621,BS_230620_W_1,2023-06-21,,0.371,1
EX_LY_T_2023_SP_061_BS_230627_C_0_EX_240626,BS_230627_C_0,2024-06-26,1.0,54.63885727141981,2
EX_LY_T_2023_SP_061_BS_230627_W_1_EX_230730,BS_230627_W_1,2023-07-30,,0.909,1
EX_LY_T_2023_SP_061_BS_230704_C_1_EX_240516,BS_230704_C_1,2024-05-16,3.0,26.329240857930124,3
EX_LY_T_2023_SP_061_BS_230704_C_2_EX_240531,BS_230704_C_2,2024-05-31,6.0,61.05127122704423,2
EX_LY_T_2023_SP_061_BS_230704_W_1_EX_230705,BS_230704_W_1,2023-07-05,,0.05,2
EX_LY_T_2023_SP_061_BS_230711_C_1_EX_240521,BS_230711_C_1,2024-05-21,4.0,22.754708279926486,3
EX_LY_T_2023_SP_061_BS_230711_C_2_EX_240531,BS_230711_C_2,2024-05-31,6.0,18.44895711124866,2
EX_LY_T_2023_SP_061_BS_230711_W_1_EX_230712,BS_230711_W_1,2023-07-12,,4.18,4
EX_LY_T_2023_SP_061_BS_230718_C_1_EX_240521,BS_230718_C_1,2024-05-21,4.0,14.6912523364681,3
EX_LY_T_2023_SP_061_BS_230718_C_2_EX_240709,BS_230718_C_2,2024-07-09,7.0,4.462259399327742,2
EX_LY_T_2023_SP_061_BS_230718_W_1_EX_230719,BS_230718_W_1,2023-07-19,,0.622,5
EX_LY_T_2023_SP_062_BS_230627_C_0_EX_240626,BS_230627_C_0,2024-06-26,1.0,43.123694393406254,2
EX_LY_T_2023_SP_063_BS_230627_C_0_EX_240626,BS_230627_C_0,2024-06-26,1.0,31.94346836848618,2
EX_LY_T_2023_SP_064_BS_230627_C_0_EX_240626,BS_230627_C_0,2024-06-26,1.0,26.25306178732175,2
EX_LY_T_2023_SP_065_BS_230627_C_0_EX_240626,BS_230627_C_0,2024-06-26,1.0,27.48469559937246,2
EX_LY_T_2023_SP_066_BS_230530_C_1_EX_240403,BS_230530_C_1,2024-04-03,2.0,104.94939913821698,3
EX_LY_T_2023_SP_066_BS_230530_C_2_EX_240619,BS_230530_C_2,2024-06-19,5.0,69.97182048079512,2
EX_LY_T_2023_SP_066_BS_230530_W_1_EX_230809,BS_230530_W_1,2023-08-09,,0.6294389495411341,1
EX_LY_T_2023_SP_066_BS_230606_C_1_EX_240403,BS_230606_C_1,2024-04-03,2.0,77.03325784181898,3
EX_LY_T_2023_SP_066_BS_230606_C_2_EX_240619,BS_230606_C_2,2024-06-19,5.0,57.10258492472957,2
EX_LY_T_2023_SP_066_BS_230606_W_1_EX_230810,BS_230606_W_1,2023-08-10,,0.3635353438799407,1
EX_LY_T_2023_SP_066_BS_230613_C_1_EX_240516,BS_230613_C_1,2024-05-16,3.0,24.663867298113477,3
EX_LY_T_2023_SP_066_BS_230613_C_2_EX_240619,BS_230613_C_2,2024-06-19,5.0,54.15190018668656,2
EX_LY_T_2023_SP_066_BS_230613_W_1_EX_230614,BS_230613_W_1,2023-06-14,,0.2654652902213421,1
EX_LY_T_2023_SP_066_BS_230620_C_1_EX_240516,BS_230620_C_1,2024-05-16,3.0,26.94070265254173,3
EX_LY_T_2023_SP_066_BS_230620_C_2_EX_240531,BS_230620_C_2,2024-05-31,6.0,72.72481825739466,2
EX_LY_T_2023_SP_066_BS_230620_W_1_EX_230621,BS_230620_W_1,2023-06-21,,0.301,1
EX_LY_T_2023_SP_066_BS_230621_W_1_EX_230621,BS_230621_W_1,2023-06-21,,5.7,3
EX_LY_T_2023_SP_066_BS_230627_C_0_EX_240626,BS_230627_C_0,2024-06-26,1.0,59.60663970882629,2
EX_LY_T_2023_SP_066_BS_230627_W_1_EX_230730,BS_230627_W_1,2023-07-30,,0.06,1
EX_LY_T_2023_SP_066_BS_230704_C_1_EX_240516,BS_230704_C_1,2024-05-16,3.0,57.52924471315552,3
EX_LY_T_2023_SP_066_BS_230704_W_1_EX_230705,BS_230704_W_1,2023-07-05,,0.27,3
EX_LY_T_2023_SP_066_BS_230711_C_1_EX_240521,BS_230711_C_1,2024-05-21,4.0,62.99763575251358,3
EX_LY_T_2023_SP_066_BS_230711_C_2_EX_240531,BS_230711_C_2,2024-05-31,6.0,53.394492601235015,2
EX_LY_T_2023_SP_066_BS_230711_W_1_EX_230712,BS_230711_W_1,2023-07-12,,2.87,4
EX_LY_T_2023_SP_066_BS_230718_C_1_EX_240521,BS_230718_C_1,2024-05-21,4.0,34.57886711228454,3
EX_LY_T_2023_SP_066_BS_230718_C_2_EX_240709,BS_230718_C_2,2024-07-09,7.0,19.20466947311626,2
EX_LY_T_2023_SP_066_BS_230718_W_1_EX_230719,BS_230718_W_1,2023-07-19,,2.421,5
EX_LY_T_2023_SP_067_BS_230627_C_0_EX_240626,BS_230627_C_0,2024-06-26,1.0,30.238108774039187,2
EX_LY_T_2023_SP_068_BS_230530_C_1_EX_240403,BS_230530_C_1,2024-04-03,2.0,77.38637506322294,3
EX_LY_T_2023_SP_068_BS_230530_C_2_EX_240619,BS_230530_C_2,2024-06-19,5.0,70.8610720385655,2
EX_LY_T_2023_SP_068_BS_230530_W_1_EX_230809,BS_230530_W_1,2023-08-09,,0.585857156378436,1
EX_LY_T_2023_SP_068_BS_230606_C_2_EX_240619,BS_230606_C_2,2024-06-19,5.0,69.86920907570294,2
EX_LY_T_2023_SP_068_BS_230606_W_1_EX_230810,BS_230606_W_1,2023-08-10,,0.3510467869367167,1
EX_LY_T_2023_SP_068_BS_230613_C_1_EX_240516,BS_230613_C_1,2024-05-16,3.0,21.252726157683327,3
EX_LY_T_2023_SP_068_BS_230613_C_2_EX_240619,BS_230613_C_2,2024-06-19,5.0,73.23032367199406,2
EX_LY_T_2023_SP_068_BS_230613_W_1_EX_230614,BS_230613_W_1,2023-06-14,,0.140131888,1
EX_LY_T_2023_SP_068_BS_230620_C_1_EX_240516,BS_230620_C_1,2024-05-16,3.0,21.9311934457816,3
EX_LY_T_2023_SP_068_BS_230620_C_2_EX_240531,BS_230620_C_2,2024-05-31,6.0,66.37929062328153,2
EX_LY_T_2023_SP_068_BS_230620_W_1_EX_230621,BS_230620_W_1,2023-06-21,,2.388,1
EX_LY_T_2023_SP_068_BS_230627_C_0_EX_240626,BS_230627_C_0,2024-06-26,1.0,43.99461488309869,2
EX_LY_T_2023_SP_068_BS_230627_W_1_EX_230730,BS_230627_W_1,2023-07-30,,3.502,1
EX_LY_T_2023_SP_068_BS_230704_C_1_EX_240516,BS_230704_C_1,2024-05-16,3.0,42.50754754655761,3
EX_LY_T_2023_SP_068_BS_230704_C_2_EX_240531,BS_230704_C_2,2024-05-31,6.0,55.574238433521614,2
EX_LY_T_2023_SP_068_BS_230704_W_1_EX_230705,BS_230704_W_1,2023-07-05,,0.28,3
EX_LY_T_2023_SP_068_BS_230711_C_1_EX_240521,BS_230711_C_1,2024-05-21,4.0,53.68968938733542,3
EX_LY_T_2023_SP_068_BS_230711_C_2_EX_240531,BS_230711_C_2,2024-05-31,6.0,34.142919915847195,2
EX_LY_T_2023_SP_068_BS_230711_W_1_EX_230712,BS_230711_W_1,2023-07-12,,2.75,3
EX_LY_T_2023_SP_068_BS_230718_C_1_EX_240521,BS_230718_C_1,2024-05-21,4.0,22.190343311480216,3
EX_LY_T_2023_SP_068_BS_230718_C_2_EX_240709,BS_230718_C_2,2024-07-09,7.0,19.903371418268325,2
EX_LY_T_2023_SP_068_BS_230718_W_1_EX_230719,BS_230718_W_1,2023-07-19,,3.514,5
EX_LY_T_2023_SP_069_BS_230627_C_0_EX_240626,BS_230627_C_0,2024-06-26,1.0,49.117491590290825,2
EX_LY_T_2023_SP_070_BS_230627_C_0_EX_240626,BS_230627_C_0,2024-06-26,1.0,28.7025884123219,2
EX_LY_T_2023_SP_071_BS_230627_C_0_EX_240626,BS_230627_C_0,2024-06-26,1.0,36.47740537035984,2
EX_LY_T_2023_SP_072_BS_230530_C_1_EX_240403,BS_230530_C_1,2024-04-03,2.0,52.295440165641416,3
EX_LY_T_2023_SP_072_BS_230530_C_2_EX_240619,BS_230530_C_2,2024-06-19,5.0,56.051661295986776,2
EX_LY_T_2023_SP_072_BS_230530_W_1_EX_230809,BS_230530_W_1,2023-08-09,,0.4274223786762966,1
EX_LY_T_2023_SP_072_BS_230606_C_1_EX_240403,BS_230606_C_1,2024-04-03,2.0,33.33956166310317,3
EX_LY_T_2023_SP_072_BS_230606_C_2_EX_240619,BS_230606_C_2,2024-06-19,5.0,67.24811027936153,2
EX_LY_T_2023_SP_072_BS_230606_W_1_EX_230810,BS_230606_W_1,2023-08-10,,0.0955426306714363,1
EX_LY_T_2023_SP_072_BS_230613_C_1_EX_240516,BS_230613_C_1,2024-05-16,3.0,22.34838540436809,3
EX_LY_T_2023_SP_072_BS_230613_C_2_EX_240619,BS_230613_C_2,2024-06-19,5.0,52.0780306932622,2
EX_LY_T_2023_SP_072_BS_230613_W_1_EX_230614,BS_230613_W_1,2023-06-14,,1.0349051140169816,1
EX_LY_T_2023_SP_072_BS_230620_C_1_EX_240516,BS_230620_C_1,2024-05-16,3.0,29.15522583135107,3
EX_LY_T_2023_SP_072_BS_230620_C_2_EX_240531,BS_230620_C_2,2024-05-31,6.0,70.12573281916211,2
EX_LY_T_2023_SP_072_BS_230620_W_1_EX_230621,BS_230620_W_1,2023-06-21,,0.55,1
EX_LY_T_2023_SP_072_BS_230621_W_1_EX_230621,BS_230621_W_1,2023-06-21,,7.05 | 7.0,3
EX_LY_T_2023_SP_072_BS_230627_C_0_EX_240626,BS_230627_C_0,2024-06-26,1.0,37.12892952052864,2
EX_LY_T_2023_SP_072_BS_230627_W_1_EX_230730,BS_230627_W_1,2023-07-30,,0.82,1
EX_LY_T_2023_SP_072_BS_230704_C_1_EX_240516,BS_230704_C_1,2024-05-16,3.0,22.22302772221341,3
EX_LY_T_2023_SP_072_BS_230704_C_2_EX_240531,BS_230704_C_2,2024-05-31,6.0,63.7312462609065,2
EX_LY_T_2023_SP_072_BS_230704_W_1_EX_230705,BS_230704_W_1,2023-07-05,,2.1,3
EX_LY_T_2023_SP_072_BS_230711_C_1_EX_240521,BS_230711_C_1,2024-05-21,4.0,45.14838887384715,3
EX_LY_T_2023_SP_072_BS_230711_C_2_EX_240531,BS_230711_C_2,2024-05-31,6.0,32.12414394722234,2
EX_LY_T_2023_SP_072_BS_230711_W_1_EX_230712,BS_230711_W_1,2023-07-12,,2.73,3
EX_LY_T_2023_SP_072_BS_230718_C_1_EX_240521,BS_230718_C_1,2024-05-21,4.0,19.710948312604437,3
EX_LY_T_2023_SP_072_BS_230718_C_2_EX_240709,BS_230718_C_2,2024-07-09,7.0,11.34476365827926,2
EX_LY_T_2023_SP_072_BS_230718_W_1_EX_230719,BS_230718_W_1,2023-07-19,,2.77,5
EX_LY_T_2023_SP_073_BS_230627_C_0_EX_240626,BS_230627_C_0,2024-06-26,1.0,54.758159625412624,2
EX_LY_T_2023_SP_074_BS_230627_C_0_EX_240626,BS_230627_C_0,2024-06-26,1.0,41.7326238655511,2
EX_LY_T_2023_SP_075_BS_230530_W_1_EX_230809,BS_230530_W_1,2023-08-09,,0.5888035631727818,1
EX_LY_T_2023_SP_075_BS_230606_C_1_EX_240403,BS_230606_C_1,2024-04-03,2.0,32.01310731612076,3
EX_LY_T_2023_SP_075_BS_230606_W_1_EX_230810,BS_230606_W_1,2023-08-10,,0.42021064415678,1
EX_LY_T_2023_SP_075_BS_230613_C_1_EX_240516,BS_230613_C_1,2024-05-16,3.0,25.984061995376663,3
EX_LY_T_2023_SP_075_BS_230613_C_2_EX_240619,BS_230613_C_2,2024-06-19,5.0,62.45051482238297,2
EX_LY_T_2023_SP_075_BS_230613_W_1_EX_230614,BS_230613_W_1,2023-06-14,,0.3,1
EX_LY_T_2023_SP_075_BS_230620_C_1_EX_240516,BS_230620_C_1,2024-05-16,3.0,64.85720056579623,3
EX_LY_T_2023_SP_075_BS_230620_C_2_EX_240531,BS_230620_C_2,2024-05-31,6.0,67.53515071622255,2
EX_LY_T_2023_SP_075_BS_230620_W_1_EX_230621,BS_230620_W_1,2023-06-21,,0.193,1
EX_LY_T_2023_SP_075_BS_230627_C_0_EX_240626,BS_230627_C_0,2024-06-26,1.0,29.34173840572961,2
EX_LY_T_2023_SP_075_BS_230627_W_1_EX_230730,BS_230627_W_1,2023-07-30,,0.755,1
EX_LY_T_2023_SP_075_BS_230704_C_1_EX_240516,BS_230704_C_1,2024-05-16,3.0,37.1014739322859,3
EX_LY_T_2023_SP_075_BS_230704_C_2_EX_240531,BS_230704_C_2,2024-05-31,6.0,65.02972066759384,2
EX_LY_T_2023_SP_075_BS_230704_W_1_EX_230705,BS_230704_W_1,2023-07-05,,0.93,3
EX_LY_T_2023_SP_075_BS_230711_C_1_EX_240521,BS_230711_C_1,2024-05-21,4.0,57.35574673337893,3
EX_LY_T_2023_SP_075_BS_230711_C_2_EX_240531,BS_230711_C_2,2024-05-31,6.0,34.94969003832112,2
EX_LY_T_2023_SP_075_BS_230711_W_1_EX_230712,BS_230711_W_1,2023-07-12,,1.8,3
EX_LY_T_2023_SP_075_BS_230718_C_1_EX_240521,BS_230718_C_1,2024-05-21,4.0,22.63013142649366,3
EX_LY_T_2023_SP_075_BS_230718_C_2_EX_240709,BS_230718_C_2,2024-07-09,7.0,25.89223387968116,2
EX_LY_T_2023_SP_075_BS_230718_W_1_EX_230719,BS_230718_W_1,2023-07-19,,0.45,5
EX_LY_T_2023_SP_076_BS_230627_C_0_EX_240626,BS_230627_C_0,2024-06-26,1.0,28.12384559278017,2
EX_LY_T_2023_SP_077_BS_230627_C_0_EX_240626,BS_230627_C_0,2024-06-26,1.0,24.87211556954385,2
EX_LY_T_2023_SP_078_BS_230627_C_0_EX_240626,BS_230627_C_0,2024-06-26,1.0,5.759426071368524,2
EX_LY_T_2023_SP_079_BS_230627_C_0_EX_240626,BS_230627_C_0,2024-06-26,1.0,7.406579954833723,2
EX_LY_T_2023_SP_080_BS_230530_W_1_EX_230809,BS_230530_W_1,2023-08-09,,0.5282258945245524,1
EX_LY_T_2023_SP_080_BS_230606_C_1_EX_240403,BS_230606_C_1,2024-04-03,2.0,90.20992694976964,3
EX_LY_T_2023_SP_080_BS_230606_C_2_EX_240619,BS_230606_C_2,2024-06-19,5.0,71.39897016608862,2
EX_LY_T_2023_SP_080_BS_230606_W_1_EX_230810,BS_230606_W_1,2023-08-10,,0.2624090529744595,1
EX_LY_T_2023_SP_080_BS_230613_C_1_EX_240516,BS_230613_C_1,2024-05-16,3.0,21.511654828261232,3
EX_LY_T_2023_SP_080_BS_230613_C_2_EX_240619,BS_230613_C_2,2024-06-19,5.0,60.03151793634751,2
EX_LY_T_2023_SP_080_BS_230613_W_1_EX_230614,BS_230613_W_1,2023-06-14,,0.99,1
EX_LY_T_2023_SP_080_BS_230620_C_1_EX_240516,BS_230620_C_1,2024-05-16,3.0,77.63670702570828,3
EX_LY_T_2023_SP_080_BS_230620_C_2_EX_240531,BS_230620_C_2,2024-05-31,6.0,60.22534701809182,2
EX_LY_T_2023_SP_080_BS_230620_W_1_EX_230621,BS_230620_W_1,2023-06-21,,0.195,1
EX_LY_T_2023_SP_080_BS_230627_C_0_EX_240626,BS_230627_C_0,2024-06-26,1.0,24.982225001602718,2
EX_LY_T_2023_SP_080_BS_230627_W_1_EX_230730,BS_230627_W_1,2023-07-30,,0.1,1
EX_LY_T_2023_SP_080_BS_230704_C_1_EX_240516,BS_230704_C_1,2024-05-16,3.0,32.75553491985636,3
EX_LY_T_2023_SP_080_BS_230704_C_2_EX_240531,BS_230704_C_2,2024-05-31,6.0,58.80127575927878,2
EX_LY_T_2023_SP_080_BS_230704_W_1_EX_230705,BS_230704_W_1,2023-07-05,,0.15,3
EX_LY_T_2023_SP_080_BS_230711_C_1_EX_240521,BS_230711_C_1,2024-05-21,4.0,68.83503687485295,3
EX_LY_T_2023_SP_080_BS_230711_C_2_EX_240709,BS_230711_C_2,2024-07-09,7.0,62.58033647420127,2
EX_LY_T_2023_SP_080_BS_230711_W_1_EX_230712,BS_230711_W_1,2023-07-12,,0.45,3
EX_LY_T_2023_SP_080_BS_230718_C_1_EX_240521,BS_230718_C_1,2024-05-21,4.0,22.22161794449235,3
EX_LY_T_2023_SP_080_BS_230718_C_2_EX_240709,BS_230718_C_2,2024-07-09,7.0,21.54794437180295,2
EX_LY_T_2023_SP_080_BS_230718_W_1_EX_230719,BS_230718_W_1,2023-07-19,,0.38,5
EX_LY_T_2023_SP_081_BS_230530_W_1_EX_230809,BS_230530_W_1,2023-08-09,,0.2770191191085515,1
EX_LY_T_2023_SP_081_BS_230606_C_1_EX_240403,BS_230606_C_1,2024-04-03,2.0,81.36625221293679,3
EX_LY_T_2023_SP_081_BS_230606_C_2_EX_240619,BS_230606_C_2,2024-06-19,5.0,64.3658173825927,2
EX_LY_T_2023_SP_081_BS_230606_W_1_EX_230810,BS_230606_W_1,2023-08-10,,0.4510471545851272,1
EX_LY_T_2023_SP_081_BS_230613_C_1_EX_240516,BS_230613_C_1,2024-05-16,3.0,12.420624785369755,3
EX_LY_T_2023_SP_081_BS_230613_C_2_EX_240619,BS_230613_C_2,2024-06-19,5.0,41.97920850196175,2
EX_LY_T_2023_SP_081_BS_230613_W_1_EX_230614,BS_230613_W_1,2023-06-14,,0.35,1
EX_LY_T_2023_SP_081_BS_230620_C_1_EX_240516,BS_230620_C_1,2024-05-16,3.0,28.705411123121443,3
EX_LY_T_2023_SP_081_BS_230620_C_2_EX_240531,BS_230620_C_2,2024-05-31,6.0,75.03441260945347,2
EX_LY_T_2023_SP_081_BS_230620_W_1_EX_230621,BS_230620_W_1,2023-06-21,,0.241,1
EX_LY_T_2023_SP_081_BS_230627_C_0_EX_240626,BS_230627_C_0,2024-06-26,1.0,17.95821575062022,2
EX_LY_T_2023_SP_081_BS_230627_W_1_EX_230730,BS_230627_W_1,2023-07-30,,0.456,1
EX_LY_T_2023_SP_081_BS_230704_C_1_EX_240516,BS_230704_C_1,2024-05-16,3.0,5.915602411443483,3
EX_LY_T_2023_SP_081_BS_230704_C_2_EX_240531,BS_230704_C_2,2024-05-31,6.0,61.70689132737496,2
EX_LY_T_2023_SP_081_BS_230704_W_1_EX_230705,BS_230704_W_1,2023-07-05,,0.41,3
EX_LY_T_2023_SP_081_BS_230711_C_1_EX_240521,BS_230711_C_1,2024-05-21,4.0,38.63867443550461,3
EX_LY_T_2023_SP_081_BS_230711_C_2_EX_240709,BS_230711_C_2,2024-07-09,7.0,45.26265161799283,2
EX_LY_T_2023_SP_081_BS_230711_W_1_EX_230712,BS_230711_W_1,2023-07-12,,0.43,3
EX_LY_T_2023_SP_081_BS_230718_C_1_EX_240521,BS_230718_C_1,2024-05-21,4.0,49.035716204746336,3
EX_LY_T_2023_SP_081_BS_230718_C_2_EX_240709,BS_230718_C_2,2024-07-09,7.0,41.184072543194695,2
EX_LY_T_2023_SP_081_BS_230718_W_1_EX_230719,BS_230718_W_1,2023-07-19,,0.441,5
EX_LY_T_2023_SP_082_BS_230530_W_1_EX_230809,BS_230530_W_1,2023-08-09,,0.1412000043684178,1
EX_LY_T_2023_SP_082_BS_230606_C_1_EX_240403,BS_230606_C_1,2024-04-03,2.0,81.78495475285327,3
EX_LY_T_2023_SP_082_BS_230606_C_2_EX_240619,BS_230606_C_2,2024-06-19,5.0,37.667180932121376,2
EX_LY_T_2023_SP_082_BS_230606_W_1_EX_230810,BS_230606_W_1,2023-08-10,,0.1451751660851694,1
EX_LY_T_2023_SP_082_BS_230613_C_1_EX_240516,BS_230613_C_1,2024-05-16,3.0,26.485450819371582,3
EX_LY_T_2023_SP_082_BS_230613_C_2_EX_240619,BS_230613_C_2,2024-06-19,5.0,48.28473451229792,2
EX_LY_T_2023_SP_082_BS_230613_W_1_EX_230614,BS_230613_W_1,2023-06-14,,0.2976333824056707,1
EX_LY_T_2023_SP_082_BS_230620_C_1_EX_240516,BS_230620_C_1,2024-05-16,3.0,47.45278553653528,3
EX_LY_T_2023_SP_082_BS_230620_C_2_EX_240531,BS_230620_C_2,2024-05-31,6.0,63.98881746662765,2
EX_LY_T_2023_SP_082_BS_230620_W_1_EX_230621,BS_230620_W_1,2023-06-21,,0.089,1
EX_LY_T_2023_SP_082_BS_230627_C_0_EX_240626,BS_230627_C_0,2024-06-26,1.0,31.96484191198261,2
EX_LY_T_2023_SP_082_BS_230627_W_1_EX_230730,BS_230627_W_1,2023-07-30,,0.48,1
EX_LY_T_2023_SP_082_BS_230704_C_1_EX_240516,BS_230704_C_1,2024-05-16,3.0,10.926002091459775,3
EX_LY_T_2023_SP_082_BS_230704_C_2_EX_240531,BS_230704_C_2,2024-05-31,6.0,61.6664465295601,2
EX_LY_T_2023_SP_082_BS_230704_W_1_EX_230705,BS_230704_W_1,2023-07-05,,0.5,3
EX_LY_T_2023_SP_082_BS_230711_C_1_EX_240521,BS_230711_C_1,2024-05-21,4.0,48.9250812123185,3
EX_LY_T_2023_SP_082_BS_230711_C_2_EX_240709,BS_230711_C_2,2024-07-09,7.0,42.62870980678371,2
EX_LY_T_2023_SP_082_BS_230711_W_1_EX_230712,BS_230711_W_1,2023-07-12,,3.55,3
EX_LY_T_2023_SP_082_BS_230718_C_1_EX_240521,BS_230718_C_1,2024-05-21,4.0,22.177718688979905,3
EX_LY_T_2023_SP_082_BS_230718_C_2_EX_240709,BS_230718_C_2,2024-07-09,7.0,22.46946067208549,2
EX_LY_T_2023_SP_082_BS_230718_W_1_EX_230719,BS_230718_W_1,2023-07-19,,0.931,5
EX_LY_T_2023_SP_083_BS_230627_C_0_EX_240626,BS_230627_C_0,2024-06-26,1.0,16.835336624238106,2
EX_LY_T_2023_SP_084_BS_230627_C_0_EX_240626,BS_230627_C_0,2024-06-26,1.0,4.115997740476557,2
EX_LY_T_2023_SP_085_BS_230627_C_0_EX_240626,BS_230627_C_0,2024-06-26,1.0,25.171925784089712,2
EX_LY_T_2023_SP_086_BS_230627_C_0_EX_240626,BS_230627_C_0,2024-06-26,1.0,43.64147362538601,2
EX_LY_T_2023_SP_087_BS_230530_C_1_EX_240403,BS_230530_C_1,2024-04-03,2.0,82.34535814466865,3
EX_LY_T_2023_SP_087_BS_230530_W_1_EX_230809,BS_230530_W_1,2023-08-09,,0.2852212785630817,1
EX_LY_T_2023_SP_087_BS_230606_C_1_EX_240403,BS_230606_C_1,2024-04-03,2.0,65.48272092221976,3
EX_LY_T_2023_SP_087_BS_230606_C_2_EX_240619,BS_230606_C_2,2024-06-19,5.0,52.05315806695875,2
EX_LY_T_2023_SP_087_BS_230606_W_1_EX_230810,BS_230606_W_1,2023-08-10,,0.3691649601652947,1
EX_LY_T_2023_SP_087_BS_230613_C_1_EX_240516,BS_230613_C_1,2024-05-16,3.0,16.57385490901144,3
EX_LY_T_2023_SP_087_BS_230613_C_2_EX_240619,BS_230613_C_2,2024-06-19,5.0,51.84172498125884,2
EX_LY_T_2023_SP_087_BS_230613_W_1_EX_230614,BS_230613_W_1,2023-06-14,,0.18,1
EX_LY_T_2023_SP_087_BS_230620_C_1_EX_240516,BS_230620_C_1,2024-05-16,3.0,28.520695541327072,3
EX_LY_T_2023_SP_087_BS_230620_C_2_EX_240531,BS_230620_C_2,2024-05-31,6.0,78.65950962085483,2
EX_LY_T_2023_SP_087_BS_230620_W_1_EX_230621,BS_230620_W_1,2023-06-21,,0.257,1
EX_LY_T_2023_SP_087_BS_230627_C_0_EX_240626,BS_230627_C_0,2024-06-26,1.0,27.45924572075532,2
EX_LY_T_2023_SP_087_BS_230627_W_1_EX_230730,BS_230627_W_1,2023-07-30,,0.487,1
EX_LY_T_2023_SP_087_BS_230704_C_1_EX_240516,BS_230704_C_1,2024-05-16,3.0,15.504061291378983,3
EX_LY_T_2023_SP_087_BS_230704_C_2_EX_240531,BS_230704_C_2,2024-05-31,6.0,58.36064544199646,2
EX_LY_T_2023_SP_087_BS_230704_W_1_EX_230705,BS_230704_W_1,2023-07-05,,0.2,3
EX_LY_T_2023_SP_087_BS_230711_C_1_EX_240521,BS_230711_C_1,2024-05-21,4.0,54.53866916655059,3
EX_LY_T_2023_SP_087_BS_230711_C_2_EX_240709,BS_230711_C_2,2024-07-09,7.0,39.94101732511049,2
EX_LY_T_2023_SP_087_BS_230711_W_1_EX_230712,BS_230711_W_1,2023-07-12,,0.12,3
EX_LY_T_2023_SP_087_BS_230718_C_1_EX_240521,BS_230718_C_1,2024-05-21,4.0,23.768381998123,3
EX_LY_T_2023_SP_087_BS_230718_C_2_EX_240709,BS_230718_C_2,2024-07-09,7.0,16.00598228839335,2
EX_LY_T_2023_SP_087_BS_230718_W_1_EX_230719,BS_230718_W_1,2023-07-19,,0.1,5
EX_LY_T_2023_SP_088_BS_230530_C_1_EX_240403,BS_230530_C_1,2024-04-03,2.0,86.34002930070876,3
EX_LY_T_2023_SP_088_BS_230530_C_2_EX_240619,BS_230530_C_2,2024-06-19,5.0,56.85696379945286,2
EX_LY_T_2023_SP_088_BS_230530_W_1_EX_230809,BS_230530_W_1,2023-08-09,,0.2882700701495091,1
EX_LY_T_2023_SP_088_BS_230606_C_1_EX_240403,BS_230606_C_1,2024-04-03,2.0,52.31359264612549,3
EX_LY_T_2023_SP_088_BS_230606_W_1_EX_230810,BS_230606_W_1,2023-08-10,,0.1896836017779477,1
EX_LY_T_2023_SP_088_BS_230613_C_1_EX_240516,BS_230613_C_1,2024-05-16,3.0,22.23038198369365,3
EX_LY_T_2023_SP_088_BS_230613_C_2_EX_240619,BS_230613_C_2,2024-06-19,5.0,54.25761672953651,2
EX_LY_T_2023_SP_088_BS_230613_W_1_EX_230614,BS_230613_W_1,2023-06-14,,0.2090518800941053,1
EX_LY_T_2023_SP_088_BS_230620_C_1_EX_240516,BS_230620_C_1,2024-05-16,3.0,10.374642003560636,3
EX_LY_T_2023_SP_088_BS_230620_C_2_EX_240531,BS_230620_C_2,2024-05-31,6.0,56.5725710028497,2
EX_LY_T_2023_SP_088_BS_230620_W_1_EX_230621,BS_230620_W_1,2023-06-21,,0.29,1
EX_LY_T_2023_SP_088_BS_230627_C_0_EX_240626,BS_230627_C_0,2024-06-26,1.0,18.77925254287107,2
EX_LY_T_2023_SP_088_BS_230627_W_1_EX_230730,BS_230627_W_1,2023-07-30,,0.447,1
EX_LY_T_2023_SP_088_BS_230704_C_1_EX_240516,BS_230704_C_1,2024-05-16,3.0,-0.0040228438866287,3
EX_LY_T_2023_SP_088_BS_230704_C_2_EX_240531,BS_230704_C_2,2024-05-31,6.0,30.63106402191357,2
EX_LY_T_2023_SP_088_BS_230704_W_1_EX_230705,BS_230704_W_1,2023-07-05,,0.07,3
EX_LY_T_2023_SP_088_BS_230711_C_1_EX_240521,BS_230711_C_1,2024-05-21,4.0,32.501764577917655,3
EX_LY_T_2023_SP_088_BS_230711_C_2_EX_240709,BS_230711_C_2,2024-07-09,7.0,21.010903188388948,2
EX_LY_T_2023_SP_088_BS_230711_W_1_EX_230712,BS_230711_W_1,2023-07-12,,2.34,3
EX_LY_T_2023_SP_088_BS_230718_C_1_EX_240521,BS_230718_C_1,2024-05-21,4.0,71.40256947585384,3
EX_LY_T_2023_SP_088_BS_230718_C_2_EX_240709,BS_230718_C_2,2024-07-09,7.0,6.562021279542999,2
EX_LY_T_2023_SP_088_BS_230718_W_1_EX_230719,BS_230718_W_1,2023-07-19,,0.312,5
EX_LY_T_2023_SP_089_BS_230530_C_1_EX_240403,BS_230530_C_1,2024-04-03,2.0,70.02510264145911,3
EX_LY_T_2023_SP_089_BS_230530_C_2_EX_240619,BS_230530_C_2,2024-06-19,5.0,32.86807231156543,2
EX_LY_T_2023_SP_089_BS_230530_W_1_EX_230809,BS_230530_W_1,2023-08-09,,1.0930714163502595,1
EX_LY_T_2023_SP_089_BS_230606_C_1_EX_240403,BS_230606_C_1,2024-04-03,2.0,38.426675928408905,3
EX_LY_T_2023_SP_089_BS_230606_C_2_EX_240619,BS_230606_C_2,2024-06-19,5.0,67.92282361367421,2
EX_LY_T_2023_SP_089_BS_230606_W_1_EX_230810,BS_230606_W_1,2023-08-10,,0.5082739274776745,1
EX_LY_T_2023_SP_089_BS_230613_C_1_EX_240516,BS_230613_C_1,2024-05-16,3.0,81.89171300445048,3
EX_LY_T_2023_SP_089_BS_230613_C_2_EX_240619,BS_230613_C_2,2024-06-19,5.0,65.68104024952068,2
EX_LY_T_2023_SP_089_BS_230613_W_1_EX_230614,BS_230613_W_1,2023-06-14,,0.291758197,1
EX_LY_T_2023_SP_089_BS_230620_C_1_EX_240516,BS_230620_C_1,2024-05-16,3.0,7.538516111175482,3
EX_LY_T_2023_SP_089_BS_230620_C_2_EX_240531,BS_230620_C_2,2024-05-31,6.0,69.32322515536931,2
EX_LY_T_2023_SP_089_BS_230620_W_1_EX_230621,BS_230620_W_1,2023-06-21,,0.29,1
EX_LY_T_2023_SP_089_BS_230627_C_0_EX_240626,BS_230627_C_0,2024-06-26,1.0,14.440604652344255,2
EX_LY_T_2023_SP_089_BS_230627_W_1_EX_230730,BS_230627_W_1,2023-07-30,,0.665,1
EX_LY_T_2023_SP_089_BS_230704_C_1_EX_240516,BS_230704_C_1,2024-05-16,3.0,9.536884764170203,3
EX_LY_T_2023_SP_089_BS_230704_C_2_EX_240531,BS_230704_C_2,2024-05-31,6.0,57.09409091576173,2
EX_LY_T_2023_SP_089_BS_230704_W_1_EX_230705,BS_230704_W_1,2023-07-05,,0.2,3
EX_LY_T_2023_SP_089_BS_230711_C_1_EX_240521,BS_230711_C_1,2024-05-21,4.0,36.54493035329641,3
EX_LY_T_2023_SP_089_BS_230711_C_2_EX_240709,BS_230711_C_2,2024-07-09,7.0,20.48118544866936,2
EX_LY_T_2023_SP_089_BS_230711_W_1_EX_230712,BS_230711_W_1,2023-07-12,,1.24,3
EX_LY_T_2023_SP_089_BS_230718_C_1_EX_240521,BS_230718_C_1,2024-05-21,4.0,18.19749343858721,3
EX_LY_T_2023_SP_089_BS_230718_C_2_EX_240709,BS_230718_C_2,2024-07-09,7.0,12.624617761655855,2
EX_LY_T_2023_SP_089_BS_230718_W_1_EX_230719,BS_230718_W_1,2023-07-19,,0.613,5
EX_LY_T_2023_SP_090_BS_230627_C_0_EX_240626,BS_230627_C_0,2024-06-26,1.0,68.43270357786102,2
EX_LY_T_2023_SP_091_BS_230530_C_1_EX_240403,BS_230530_C_1,2024-04-03,2.0,80.95599726503848,3
EX_LY_T_2023_SP_091_BS_230530_C_2_EX_240619,BS_230530_C_2,2024-06-19,5.0,71.01963897178013,2
EX_LY_T_2023_SP_091_BS_230530_W_1_EX_230809,BS_230530_W_1,2023-08-09,,0.5447894786657396,1
EX_LY_T_2023_SP_091_BS_230606_C_1_EX_240403,BS_230606_C_1,2024-04-03,2.0,43.29773750924056,3
EX_LY_T_2023_SP_091_BS_230606_C_2_EX_240619,BS_230606_C_2,2024-06-19,5.0,50.71306257372732,2
EX_LY_T_2023_SP_091_BS_230606_W_1_EX_230810,BS_230606_W_1,2023-08-10,,0.2308027786866863,1
EX_LY_T_2023_SP_091_BS_230613_C_1_EX_240516,BS_230613_C_1,2024-05-16,3.0,23.032132675067565,3
EX_LY_T_2023_SP_091_BS_230613_C_2_EX_240619,BS_230613_C_2,2024-06-19,5.0,63.85279188137302,2
EX_LY_T_2023_SP_091_BS_230613_W_1_EX_230614,BS_230613_W_1,2023-06-14,,0.23,1
EX_LY_T_2023_SP_091_BS_230620_C_1_EX_240516,BS_230620_C_1,2024-05-16,3.0,20.510626698315832,3
EX_LY_T_2023_SP_091_BS_230620_C_2_EX_240531,BS_230620_C_2,2024-05-31,6.0,68.00558587116886,2
EX_LY_T_2023_SP_091_BS_230620_W_1_EX_230621,BS_230620_W_1,2023-06-21,,0.3,1
EX_LY_T_2023_SP_091_BS_230627_C_0_EX_240626,BS_230627_C_0,2024-06-26,1.0,32.755844460599256,2
EX_LY_T_2023_SP_091_BS_230627_W_1_EX_230730,BS_230627_W_1,2023-07-30,,0.23,1
EX_LY_T_2023_SP_091_BS_230704_C_1_EX_240516,BS_230704_C_1,2024-05-16,3.0,10.887785074536804,3
EX_LY_T_2023_SP_091_BS_230704_C_2_EX_240531,BS_230704_C_2,2024-05-31,6.0,64.00584571928289,2
EX_LY_T_2023_SP_091_BS_230704_W_1_EX_230705,BS_230704_W_1,2023-07-05,,0.04,3
EX_LY_T_2023_SP_091_BS_230711_C_1_EX_240521,BS_230711_C_1,2024-05-21,4.0,15.97732054386039,3
EX_LY_T_2023_SP_091_BS_230711_C_2_EX_240709,BS_230711_C_2,2024-07-09,7.0,16.61740468055479,2
EX_LY_T_2023_SP_091_BS_230711_W_1_EX_230712,BS_230711_W_1,2023-07-12,,0.97,3
EX_LY_T_2023_SP_091_BS_230718_C_1_EX_240521,BS_230718_C_1,2024-05-21,4.0,19.85785301078988,3
EX_LY_T_2023_SP_091_BS_230718_C_2_EX_240709,BS_230718_C_2,2024-07-09,7.0,20.706702097752192,2
EX_LY_T_2023_SP_091_BS_230718_W_1_EX_230719,BS_230718_W_1,2023-07-19,,0.15,5
EX_LY_T_2023_SP_092_BS_230627_C_0_EX_240626,BS_230627_C_0,2024-06-26,1.0,17.91206970170178,2
EX_LY_T_2023_SP_093_BS_230627_C_0_EX_240403,BS_230627_C_0,2024-04-03,2.0,94.74808487299988,3
EX_LY_T_2023_SP_094_BS_230627_C_0_EX_240403,BS_230627_C_0,2024-04-03,2.0,75.83630624965294,3
EX_LY_T_2023_SP_095_BS_230627_C_0_EX_240403,BS_230627_C_0,2024-04-03,2.0,39.98576559304348,3
EX_LY_T_2023_SP_096_BS_230627_C_0_EX_240403,BS_230627_C_0,2024-04-03,2.0,37.58980122644456,3
EX_LY_T_2023_SP_097_BS_230627_C_0_EX_240403,BS_230627_C_0,2024-04-03,2.0,77.14318518386699,3
EX_LY_T_2023_SP_098_BS_230530_C_1_EX_240403,BS_230530_C_1,2024-04-03,2.0,26.128079245462235,3
EX_LY_T_2023_SP_098_BS_230530_C_2_EX_240619,BS_230530_C_2,2024-06-19,5.0,58.98057854548412,2
EX_LY_T_2023_SP_098_BS_230530_W_1_EX_230809,BS_230530_W_1,2023-08-09,,0.4256022045948474,1
EX_LY_T_2023_SP_098_BS_230606_C_1_EX_240403,BS_230606_C_1,2024-04-03,2.0,31.45241372164211,3
EX_LY_T_2023_SP_098_BS_230606_C_2_EX_240619,BS_230606_C_2,2024-06-19,5.0,46.134481782456255,2
EX_LY_T_2023_SP_098_BS_230606_W_1_EX_230810,BS_230606_W_1,2023-08-10,,0.1677970323420306,1
EX_LY_T_2023_SP_098_BS_230613_C_1_EX_240516,BS_230613_C_1,2024-05-16,3.0,37.36598639398769,3
EX_LY_T_2023_SP_098_BS_230613_C_2_EX_240619,BS_230613_C_2,2024-06-19,5.0,54.8825848112423,2
EX_LY_T_2023_SP_098_BS_230613_W_1_EX_230614,BS_230613_W_1,2023-06-14,,0.46,1
EX_LY_T_2023_SP_098_BS_230620_C_1_EX_240516,BS_230620_C_1,2024-05-16,3.0,19.866259297850316,3
EX_LY_T_2023_SP_098_BS_230620_C_2_EX_240531,BS_230620_C_2,2024-05-31,6.0,81.89293523911638,2
EX_LY_T_2023_SP_098_BS_230620_W_1_EX_230621,BS_230620_W_1,2023-06-21,,0.174,1
EX_LY_T_2023_SP_098_BS_230621_W_1_EX_230621,BS_230621_W_1,2023-06-21,,4.51,3
EX_LY_T_2023_SP_098_BS_230627_C_0_EX_240403,BS_230627_C_0,2024-04-03,2.0,39.02357628593684,3
EX_LY_T_2023_SP_098_BS_230627_W_1_EX_230730,BS_230627_W_1,2023-07-30,,2.894,1
EX_LY_T_2023_SP_098_BS_230704_C_1_EX_240516,BS_230704_C_1,2024-05-16,3.0,9.866789391341625,3
EX_LY_T_2023_SP_098_BS_230704_C_2_EX_240531,BS_230704_C_2,2024-05-31,6.0,67.53941317490369,2
EX_LY_T_2023_SP_098_BS_230704_W_1_EX_230705,BS_230704_W_1,2023-07-05,,1.42,3
EX_LY_T_2023_SP_098_BS_230711_C_1_EX_240521,BS_230711_C_1,2024-05-21,4.0,68.40025687455038,3
EX_LY_T_2023_SP_098_BS_230711_C_2_EX_240709,BS_230711_C_2,2024-07-09,7.0,40.71372579119306,2
EX_LY_T_2023_SP_098_BS_230711_W_1_EX_230712,BS_230711_W_1,2023-07-12,,8.81,3
EX_LY_T_2023_SP_098_BS_230718_C_1_EX_240521,BS_230718_C_1,2024-05-21,4.0,23.71899207518015,3
EX_LY_T_2023_SP_098_BS_230718_C_2_EX_240709,BS_230718_C_2,2024-07-09,7.0,42.96019498299825,2
EX_LY_T_2023_SP_098_BS_230718_W_1_EX_230719,BS_230718_W_1,2023-07-19,,2.974,5
EX_LY_T_2023_SP_099_BS_230627_C_0_EX_240403,BS_230627_C_0,2024-04-03,2.0,57.70062334224047,3
EX_LY_T_2023_SP_100_BS_230530_C_1_EX_240403,BS_230530_C_1,2024-04-03,2.0,45.47185234684905,3
EX_LY_T_2023_SP_100_BS_230530_C_2_EX_240619,BS_230530_C_2,2024-06-19,5.0,61.45866762164101,2
EX_LY_T_2023_SP_100_BS_230530_W_1_EX_230809,BS_230530_W_1,2023-08-09,,0.6440913508967998,1
EX_LY_T_2023_SP_100_BS_230606_C_1_EX_240403,BS_230606_C_1,2024-04-03,2.0,73.15486044213496,3
EX_LY_T_2023_SP_100_BS_230606_C_2_EX_240619,BS_230606_C_2,2024-06-19,5.0,75.21092869784079,2
EX_LY_T_2023_SP_100_BS_230606_W_1_EX_230810,BS_230606_W_1,2023-08-10,,0.2880755076305427,1
EX_LY_T_2023_SP_100_BS_230613_C_1_EX_240516,BS_230613_C_1,2024-05-16,3.0,13.224282137127434,3
EX_LY_T_2023_SP_100_BS_230613_C_2_EX_240619,BS_230613_C_2,2024-06-19,5.0,26.37757781601318,2
EX_LY_T_2023_SP_100_BS_230613_W_1_EX_230614,BS_230613_W_1,2023-06-14,,0.4,1
EX_LY_T_2023_SP_100_BS_230620_C_1_EX_240516,BS_230620_C_1,2024-05-16,3.0,27.691172560517085,3
EX_LY_T_2023_SP_100_BS_230620_C_2_EX_240531,BS_230620_C_2,2024-05-31,6.0,75.560184190012,2
EX_LY_T_2023_SP_100_BS_230620_W_1_EX_230621,BS_230620_W_1,2023-06-21,,0.316,1
EX_LY_T_2023_SP_100_BS_230621_W_1_EX_230621,BS_230621_W_1,2023-06-21,,3.53,3
EX_LY_T_2023_SP_100_BS_230627_C_0_EX_240403,BS_230627_C_0,2024-04-03,2.0,24.60478026505285,3
EX_LY_T_2023_SP_100_BS_230627_W_1_EX_230730,BS_230627_W_1,2023-07-30,,1.37,1
EX_LY_T_2023_SP_100_BS_230704_C_1_EX_240516,BS_230704_C_1,2024-05-16,3.0,6.187018659919463,3
EX_LY_T_2023_SP_100_BS_230704_C_2_EX_240531,BS_230704_C_2,2024-05-31,6.0,69.27852868990797,2
EX_LY_T_2023_SP_100_BS_230704_W_1_EX_230705,BS_230704_W_1,2023-07-05,,0.25,3
EX_LY_T_2023_SP_100_BS_230711_C_1_EX_240521,BS_230711_C_1,2024-05-21,4.0,54.90913923550085,3
EX_LY_T_2023_SP_100_BS_230711_C_2_EX_240709,BS_230711_C_2,2024-07-09,7.0,32.38771968627957,2
EX_LY_T_2023_SP_100_BS_230711_W_1_EX_230712,BS_230711_W_1,2023-07-12,,1.56,3
EX_LY_T_2023_SP_100_BS_230718_C_1_EX_240521,BS_230718_C_1,2024-05-21,4.0,49.86411576257154,3
EX_LY_T_2023_SP_100_BS_230718_C_2_EX_240709,BS_230718_C_2,2024-07-09,7.0,35.3804761759861,2
EX_LY_T_2023_SP_100_BS_230718_W_1_EX_230719,BS_230718_W_1,2023-07-19,,0.378,5
EX_LY_T_2023_SP_101_BS_230627_C_0_EX_240403,BS_230627_C_0,2024-04-03,2.0,25.88792446737825,3
EX_LY_T_2023_SP_102_BS_230627_C_0_EX_240403,BS_230627_C_0,2024-04-03,2.0,38.560448845863824,3
EX_LY_T_2023_SP_103_BS_230627_C_0_EX_240403,BS_230627_C_0,2024-04-03,2.0,31.69867782320562,3
EX_LY_T_2023_SP_104_BS_230530_C_1_EX_240403,BS_230530_C_1,2024-04-03,2.0,51.622787723650205,3
EX_LY_T_2023_SP_104_BS_230530_C_2_EX_240619,BS_230530_C_2,2024-06-19,5.0,66.29357201807474,2
EX_LY_T_2023_SP_104_BS_230530_W_1_EX_230809,BS_230530_W_1,2023-08-09,,0.4348054597941747,1
EX_LY_T_2023_SP_104_BS_230606_C_1_EX_240403,BS_230606_C_1,2024-04-03,2.0,50.63540257171287,3
EX_LY_T_2023_SP_104_BS_230606_C_2_EX_240619,BS_230606_C_2,2024-06-19,5.0,63.485897000216255,2
EX_LY_T_2023_SP_104_BS_230606_W_1_EX_230810,BS_230606_W_1,2023-08-10,,0.3697049437681756,1
EX_LY_T_2023_SP_104_BS_230613_C_1_EX_240516,BS_230613_C_1,2024-05-16,3.0,34.27237754054639,3
EX_LY_T_2023_SP_104_BS_230613_C_2_EX_240619,BS_230613_C_2,2024-06-19,5.0,87.53914522650483,2
EX_LY_T_2023_SP_104_BS_230613_W_1_EX_230614,BS_230613_W_1,2023-06-14,,1.06,1
EX_LY_T_2023_SP_104_BS_230620_C_1_EX_240516,BS_230620_C_1,2024-05-16,3.0,11.092195829526124,3
EX_LY_T_2023_SP_104_BS_230620_C_2_EX_240531,BS_230620_C_2,2024-05-31,6.0,69.0997212459933,2
EX_LY_T_2023_SP_104_BS_230620_W_1_EX_230621,BS_230620_W_1,2023-06-21,,0.443,1
EX_LY_T_2023_SP_104_BS_230621_W_1_EX_230621,BS_230621_W_1,2023-06-21,,4.23,3
EX_LY_T_2023_SP_104_BS_230627_C_0_EX_240403,BS_230627_C_0,2024-04-03,2.0,32.74722982231541,3
EX_LY_T_2023_SP_104_BS_230627_W_1_EX_230730,BS_230627_W_1,2023-07-30,,1.698,1
EX_LY_T_2023_SP_104_BS_230704_W_1_EX_230705,BS_230704_W_1,2023-07-05,,0.58,3
EX_LY_T_2023_SP_104_BS_230711_C_1_EX_240521,BS_230711_C_1,2024-05-21,4.0,84.46921026726118,3
EX_LY_T_2023_SP_104_BS_230711_C_2_EX_240709,BS_230711_C_2,2024-07-09,7.0,8.074079641825698,2
EX_LY_T_2023_SP_104_BS_230711_W_1_EX_230712,BS_230711_W_1,2023-07-12,,1.78,3
EX_LY_T_2023_SP_104_BS_230718_W_1_EX_230719,BS_230718_W_1,2023-07-19,,1.884,5
EX_LY_T_2023_SP_105_BS_230627_C_0_EX_240403,BS_230627_C_0,2024-04-03,2.0,34.95488149679324,3
EX_LY_T_2023_SP_106_BS_230627_C_0_EX_240403,BS_230627_C_0,2024-04-03,2.0,26.978135530679232,3
EX_LY_T_2023_SP_107_BS_230530_C_1_EX_240403,BS_230530_C_1,2024-04-03,2.0,69.20264026814279,3
EX_LY_T_2023_SP_107_BS_230530_C_2_EX_240619,BS_230530_C_2,2024-06-19,5.0,69.02971853266006,2
EX_LY_T_2023_SP_107_BS_230530_W_1_EX_230809,BS_230530_W_1,2023-08-09,,0.6917116553027132,1
EX_LY_T_2023_SP_107_BS_230606_C_1_EX_240403,BS_230606_C_1,2024-04-03,2.0,30.18140239032549,3
EX_LY_T_2023_SP_107_BS_230606_C_2_EX_240619,BS_230606_C_2,2024-06-19,5.0,62.3634606303209,2
EX_LY_T_2023_SP_107_BS_230606_W_1_EX_230810,BS_230606_W_1,2023-08-10,,1.4637461902433464,1
EX_LY_T_2023_SP_107_BS_230613_C_1_EX_240516,BS_230613_C_1,2024-05-16,3.0,10.723204664487486,3
EX_LY_T_2023_SP_107_BS_230613_C_2_EX_240619,BS_230613_C_2,2024-06-19,5.0,79.38666121087132,2
EX_LY_T_2023_SP_107_BS_230613_W_1_EX_230614,BS_230613_W_1,2023-06-14,,0.22,1
EX_LY_T_2023_SP_107_BS_230620_C_1_EX_240516,BS_230620_C_1,2024-05-16,3.0,12.589908989442758,3
EX_LY_T_2023_SP_107_BS_230620_C_2_EX_240531,BS_230620_C_2,2024-05-31,6.0,78.47431388443579,2
EX_LY_T_2023_SP_107_BS_230620_W_1_EX_230621,BS_230620_W_1,2023-06-21,,0.508,1
EX_LY_T_2023_SP_107_BS_230621_W_1_EX_230621,BS_230621_W_1,2023-06-21,,0.929,3
EX_LY_T_2023_SP_107_BS_230627_C_0_EX_240403,BS_230627_C_0,2024-04-03,2.0,25.29259435627955,3
EX_LY_T_2023_SP_107_BS_230627_W_1_EX_230730,BS_230627_W_1,2023-07-30,,123.428,1
EX_LY_T_2023_SP_107_BS_230704_C_1_EX_240516,BS_230704_C_1,2024-05-16,3.0,19.729744509603808,3
EX_LY_T_2023_SP_107_BS_230704_C_2_EX_240531,BS_230704_C_2,2024-05-31,6.0,50.51868187080283,2
EX_LY_T_2023_SP_107_BS_230704_W_1_EX_230705,BS_230704_W_1,2023-07-05,,0.82,3
EX_LY_T_2023_SP_107_BS_230711_C_1_EX_240521,BS_230711_C_1,2024-05-21,4.0,61.8785177441156,3
EX_LY_T_2023_SP_107_BS_230711_C_2_EX_240709,BS_230711_C_2,2024-07-09,7.0,38.7875465577998,2
EX_LY_T_2023_SP_107_BS_230711_W_1_EX_230712,BS_230711_W_1,2023-07-12,,6.73,3
EX_LY_T_2023_SP_107_BS_230718_C_1_EX_240521,BS_230718_C_1,2024-05-21,4.0,31.28356675842993,3
EX_LY_T_2023_SP_107_BS_230718_C_2_EX_240709,BS_230718_C_2,2024-07-09,7.0,0.297184209701644,2
EX_LY_T_2023_SP_107_BS_230718_W_1_EX_230719,BS_230718_W_1,2023-07-19,,1.328,5
EX_LY_T_2023_SP_108_BS_230627_C_0_EX_240403,BS_230627_C_0,2024-04-03,2.0,27.482793391410173,3
EX_LY_T_2023_SP_109_BS_230621_W_1_EX_230621,BS_230621_W_1,2023-06-21,,8.44,3
EX_LY_T_2023_SP_110_BS_230621_W_1_EX_230621,BS_230621_W_1,2023-06-21,,0.8,3
EX_LY_X_0000_SP_000_BS_ALXCTL_X_0_EX_000000,BS_ALXCTL_X_0,,,,4
EX_LY_X_0000_SP_000_BS_DESCTL_X_0_EX_000000,BS_DESCTL_X_0,2022-11-21,,,1
EX_LY_X_0000_SP_000_BS_PBSCTL_X_0_EX_000000,BS_PBSCTL_X_0,2022-10-26,,,2
EX_LY_X_0000_SP_000_BS_ULWCTL_X_0_EX_000000,BS_ULWCTL_X_0,,,,84
EX_LY_X_0000_SP_000_BS_ZYMCTL_X_0_EX_000000,BS_ZYMCTL_X_0,,,,72
EX_LY_Z_0000_SP_000_BS_CONTAM_X_0_EX_000000,BS_CONTAM_X_0,,4.0,,1
EX_LY_Z_0000_SP_000_BS_MYSTRY_X_0_EX_000000,BS_MYSTRY_X_0,,,,2
